index,Length,stNum,sqNum,attack,timeAllowedtoLive,numDatSetEntries,boolean_1,time_diff,time_from_start,sqNum_diff,stNum_diff,timestamp_diff,boolean_1_diff,Length_diff,freq
0,144,1,14,0,4000,1,True,0.0,0.0,0,0,0.0,0,0,0.0
1,144,1,15,0,4000,1,True,2.000030040740967,2.000030040740967,1,0,0.0,0,0,0.49999248992756234
2,144,1,16,0,4000,1,True,2.0000598430633545,4.000089883804321,1,0,0.0,0,0,0.499985039681797
3,144,1,17,0,4000,1,True,1.9999091625213623,5.999999046325684,1,0,0.0,0,0,0.5000227104011372
4,144,1,18,0,4000,1,True,2.0000929832458496,8.000092029571533,1,0,0.0,0,0,0.49997675526922286
5,144,1,19,0,4000,1,True,2.000048875808716,10.000140905380247,1,0,0.0,0,0,0.49998778134641936
6,144,1,20,0,4000,1,True,1.9999711513519287,12.000112056732178,1,0,0.0,0,0,0.5000072122660499
7,144,1,21,0,4000,1,True,2.0000128746032715,14.00012493133545,1,0,0.0,0,0,0.49999678136990144
8,144,1,22,0,4000,1,True,2.0000290870666504,16.0001540184021,1,0,0.0,0,0,0.49999272833909303
9,144,1,23,0,4000,1,True,1.9999418258666992,18.0000958442688,1,0,0.0,0,0,0.5000145439563662
10,144,1,24,0,4000,1,True,2.000018119812012,20.00011396408081,1,0,0.0,0,0,0.4999954700880375
11,144,1,25,0,4000,1,True,2.000075101852417,22.000189065933228,1,0,0.0,0,0,0.4999812252419053
12,143,2,0,0,8,1,True,1.0082809925079346,23.00847005844116,-25,1,35054200650.0,0,-1,0.9917870191251578
13,143,2,1,0,16,1,True,0.0033459663391113,23.011816024780277,1,0,0.0,0,0,298.8673222174744
14,143,2,2,0,32,1,True,0.0083539485931396,23.020169973373413,1,0,0.0,0,0,119.70387282742156
15,143,2,3,0,64,1,True,0.0160079002380371,23.03617787361145,1,0,0.0,0,0,62.469154925382064
16,144,2,4,0,128,1,True,0.031944990158081,23.06812286376953,1,0,0.0,0,1,31.30381305649061
17,144,2,5,0,256,1,True,0.0640580654144287,23.13218092918396,1,0,0.0,0,0,15.610836723376226
18,143,3,0,0,8,1,True,0.0020151138305664,23.134196043014526,-5,1,125750184.0,0,-1,496.24988168480985
19,143,3,1,0,16,1,True,0.0039229393005371,23.138118982315063,1,0,0.0,0,0,254.9109031238611
20,143,3,2,0,32,1,True,0.0080728530883789,23.14619183540344,1,0,0.0,0,0,123.8719432959245
21,143,3,3,0,64,1,True,0.0159721374511718,23.16216397285461,1,0,0.0,0,0,62.60902794363536
22,144,3,4,0,128,1,True,0.0319578647613525,23.194121837615967,1,0,0.0,0,1,31.29120194567338
23,144,3,5,0,256,1,True,0.0640990734100341,23.258220911026,1,0,0.0,0,0,15.600849541195702
24,144,3,6,0,512,1,True,0.1279659271240234,23.386186838150024,1,0,0.0,0,0,7.814580197045805
25,144,3,7,0,1024,1,True,0.2559962272644043,23.64218306541443,1,0,0.0,0,0,3.9063075682250408
26,144,3,8,0,2048,1,True,0.5119519233703613,24.15413498878479,1,0,0.0,0,0,1.9533084150102316
27,144,3,9,0,4000,1,True,1.0240199565887451,25.17815494537353,1,0,0.0,0,0,0.976543468284777
28,144,3,10,0,4000,1,True,1.9999959468841555,27.17815089225769,1,0,0.0,0,0,0.5000010132810147
29,144,3,11,0,4000,1,True,2.000086069107056,29.178236961364743,1,0,0.0,0,0,0.4999784836491825
30,144,3,12,0,4000,1,True,2.0000219345092773,31.178258895874023,1,0,0.0,0,0,0.49999451643282034
31,144,3,13,0,4000,1,True,2.0000171661376958,33.17827606201172,1,0,0.0,0,0,0.49999570850241026
32,144,3,14,0,4000,1,True,2.0000159740448,35.17829203605652,1,0,0.0,0,0,0.49999600652069603
33,144,3,15,0,4000,1,True,2.000020980834961,37.17831301689148,1,0,0.0,0,0,0.49999475484628364
34,144,3,16,0,4000,1,True,1.9999589920043943,39.178272008895874,1,0,0.0,0,0,0.5000102522091127
35,144,3,17,0,4000,1,True,2.0000319480896,41.178303956985474,1,0,0.0,0,0,0.499992013105183
36,144,3,18,0,4000,1,True,1.9999630451202397,43.17826700210571,1,0,0.0,0,0,0.5000092388906511
37,144,3,19,0,4000,1,True,2.0001089572906494,45.17837595939636,1,0,0.0,0,0,0.4999727621612182
38,144,3,20,0,4000,1,True,1.99993896484375,47.17831492424011,1,0,0.0,0,0,0.500015259254738
39,144,3,21,0,4000,1,True,2.0000150203704834,49.1783299446106,1,0,0.0,0,0,0.49999624493558037
40,144,3,22,0,4000,1,True,2.0000250339508057,51.1783549785614,1,0,0.0,0,0,0.4999937415906349
41,144,3,23,0,4000,1,True,2.0002710819244385,53.17862606048584,1,0,0.0,0,0,0.4999322387033217
42,144,3,24,0,4000,1,True,1.999783992767334,55.17841005325317,1,0,0.0,0,0,0.500054007641187
43,144,3,25,0,4000,1,True,2.0000269412994385,57.17843699455261,1,0,0.0,0,0,0.49999326476586836
44,144,3,26,0,4000,1,True,1.9999840259552,59.17842102050781,1,0,0.0,0,0,0.5000039935430965
45,144,3,27,0,4000,1,True,2.000041961669922,61.17846298217773,1,0,0.0,0,0,0.49998950980261264
46,144,3,28,0,4000,1,True,2.0000200271606445,63.17848300933838,1,0,0.0,0,0,0.49999499325997426
47,144,3,29,0,4000,1,True,2.0000360012054443,65.17851901054382,1,0,0.0,0,0,0.4999909998606468
48,144,3,30,0,4000,1,True,2.000027894973755,67.17854690551758,1,0,0.0,0,0,0.49999302635382614
49,144,3,31,0,4000,1,True,2.000030040740967,69.17857694625854,1,0,0.0,0,0,0.49999248992756234
50,144,3,32,0,4000,1,True,2.0000131130218506,71.1785900592804,1,0,0.0,0,0,0.4999967217660311
51,144,3,33,0,4000,1,True,2.000016927719116,73.17860698699951,1,0,0.0,0,0,0.49999576810603913
52,144,3,34,0,4000,1,True,1.9999608993530276,75.17856788635254,1,0,0.0,0,0,0.5000097753528544
53,144,3,35,0,4000,1,True,2.000041007995605,77.17860889434814,1,0,0.0,0,0,0.4999897482113014
54,144,3,36,0,4000,1,True,1.9999799728393557,79.1785888671875,1,0,0.0,0,0,0.5000050068402975
55,144,3,37,0,4000,1,True,2.0001111030578613,81.17869997024536,1,0,0.0,0,0,0.49997222577843514
56,144,3,38,0,4000,1,True,1.99993109703064,83.178631067276,1,0,0.0,0,0,0.5000172263358128
57,144,3,39,0,4000,1,True,2.0000269412994385,85.17865800857544,1,0,0.0,0,0,0.49999326476586836
58,144,3,40,0,4000,1,True,2.000030994415283,87.17868900299072,1,0,0.0,0,0,0.49999225151625903
59,144,3,41,0,4000,1,True,2.0000529289245605,89.17874193191528,1,0,0.0,0,0,0.4999867681190345
60,144,3,42,0,4000,1,True,2.0000250339508057,91.17876696586607,1,0,0.0,0,0,0.4999937415906349
61,144,3,43,0,4000,1,True,2.0000128746032715,93.17877984046936,1,0,0.0,0,0,0.49999678136990144
62,144,3,44,0,4000,1,True,2.000014066696167,95.17879390716551,1,0,0.0,0,0,0.4999964833506921
63,144,3,45,0,4000,1,True,1.9999301433563232,97.17872405052184,1,0,0.0,0,0,0.5000174647709343
64,144,3,46,0,4000,1,True,2.000018835067749,99.1787428855896,1,0,0.0,0,0,0.49999529127740727
65,144,3,47,0,4000,1,True,2.0000159740448,101.1787588596344,1,0,0.0,0,0,0.49999600652069603
66,144,3,48,0,4000,1,True,2.000041007995605,103.17879986763,1,0,0.0,0,0,0.4999897482113014
67,144,3,49,0,4000,1,True,2.000033140182495,105.1788330078125,1,0,0.0,0,0,0.4999917150916579
68,144,3,50,0,4000,1,True,2.0000388622283936,107.1788718700409,1,0,0.0,0,0,0.49999028463168205
69,144,3,51,0,4000,1,True,2.000035047531128,109.17890691757202,1,0,0.0,0,0,0.49999123827075653
70,144,3,52,0,4000,1,True,1.9999520778656008,111.17885899543762,1,0,0.0,0,0,0.500011980820673
71,144,3,53,0,4000,1,True,2.000018835067749,113.17887783050536,1,0,0.0,0,0,0.49999529127740727
72,144,3,54,0,4000,1,True,2.000040054321289,115.17891788482666,1,0,0.0,0,0,0.4999899866202173
73,144,3,55,0,4000,1,True,2.0000340938568115,117.17895197868349,1,0,0.0,0,0,0.4999914766810935
74,144,3,56,0,4000,1,True,2.000032901763916,119.1789848804474,1,0,0.0,0,0,0.49999177469433453
75,144,3,57,0,4000,1,True,1.9999401569366453,121.17892503738403,1,0,0.0,0,0,0.5000149612135011
76,144,3,58,0,4000,1,True,2.000018835067749,123.17894387245178,1,0,0.0,0,0,0.49999529127740727
77,144,3,59,0,4000,1,True,2.0000929832458496,125.17903685569765,1,0,0.0,0,0,0.49997675526922286
78,144,3,60,0,4000,1,True,1.9999771118164065,127.17901396751404,1,0,0.0,0,0,0.5000057221113827
79,144,3,61,0,4000,1,True,2.0000240802764893,129.17903804779053,1,0,0.0,0,0,0.49999398000335926
80,144,3,62,0,4000,1,True,1.999964952468872,131.1790030002594,1,0,0.0,0,0,0.5000087620363258
81,144,3,63,0,4000,1,True,2.000030994415283,133.17903399467468,1,0,0.0,0,0,0.49999225151625903
82,144,3,64,0,4000,1,True,2.0000388622283936,135.17907285690308,1,0,0.0,0,0,0.49999028463168205
83,144,3,65,0,4000,1,True,2.0000200271606445,137.17909288406372,1,0,0.0,0,0,0.49999499325997426
84,144,3,66,0,4000,1,True,2.000038146972656,139.17913103103638,1,0,0.0,0,0,0.49999046343873155
85,144,3,67,0,4000,1,True,2.000030994415283,141.17916202545166,1,0,0.0,0,0,0.49999225151625903
86,144,3,68,0,4000,1,True,2.000032901763916,143.17919492721558,1,0,0.0,0,0,0.49999177469433453
87,144,3,69,0,4000,1,True,2.000018119812012,145.1792130470276,1,0,0.0,0,0,0.4999954700880375
88,144,3,70,0,4000,1,True,2.000018835067749,147.17923188209534,1,0,0.0,0,0,0.49999529127740727
89,144,3,71,0,4000,1,True,1.9999489784240725,149.1791808605194,1,0,0.0,0,0,0.5000127557193903
90,144,3,72,0,4000,1,True,2.0000550746917725,151.17923593521118,1,0,0.0,0,0,0.49998623170619916
91,144,3,73,0,4000,1,True,1.999964952468872,153.17920088768005,1,0,0.0,0,0,0.5000087620363258
92,144,3,74,0,4000,1,True,2.0000929832458496,155.1792938709259,1,0,0.0,0,0,0.49997675526922286
93,144,3,75,0,4000,1,True,1.9999771118164065,157.1792709827423,1,0,0.0,0,0,0.5000057221113827
94,144,3,76,0,4000,1,True,2.000235080718994,159.1795060634613,1,0,0.0,0,0,0.49994123672730767
95,144,3,77,0,4000,1,True,1.9998059272766116,161.17931199073792,1,0,0.0,0,0,0.5000485228893318
96,144,3,78,0,4000,1,True,2.000020980834961,163.17933297157288,1,0,0.0,0,0,0.49999475484628364
97,144,3,79,0,4000,1,True,2.0000269412994385,165.17935991287231,1,0,0.0,0,0,0.49999326476586836
98,144,3,80,0,4000,1,True,2.0000150203704834,167.1793749332428,1,0,0.0,0,0,0.49999624493558037
99,144,3,81,0,4000,1,True,2.0000250339508057,169.1793999671936,1,0,0.0,0,0,0.4999937415906349
100,144,3,82,0,4000,1,True,2.000011920928955,171.17941188812256,1,0,0.0,0,0,0.4999970197855247
101,144,3,83,0,4000,1,True,1.9999780654907229,173.17938995361328,1,0,0.0,0,0,0.5000054836874602
102,144,3,84,0,4000,1,True,2.0000319480896,175.17942190170288,1,0,0.0,0,0,0.499992013105183
103,144,3,85,0,4000,1,True,2.0000250339508057,177.1794469356537,1,0,0.0,0,0,0.4999937415906349
104,144,3,86,0,4000,1,True,1.9999570846557615,179.17940402030945,1,0,0.0,0,0,0.5000107290662804
105,144,3,87,0,4000,1,True,2.000041007995605,181.17944502830505,1,0,0.0,0,0,0.4999897482113014
106,144,3,88,0,4000,1,True,2.000034809112549,183.1794798374176,1,0,0.0,0,0,0.4999912978733195
107,143,4,0,0,8,1,True,1.2484500408172607,184.4279298782349,-88,1,161292434513.0,0,-1,0.800993205419241
108,143,4,1,0,16,1,True,0.0022401809692382,184.4301700592041,1,0,0.0,0,0,446.39250744999487
109,143,4,2,0,32,1,True,0.0092449188232421,184.43941497802732,1,0,0.0,0,0,108.1675263049319
110,143,4,3,0,64,1,True,0.0160949230194091,184.45550990104675,1,0,0.0,0,0,62.131393781385945
111,144,4,4,0,128,1,True,0.0319950580596923,184.48750495910645,1,0,0.0,0,1,31.254826859020774
112,144,4,5,0,256,1,True,0.0640809535980224,184.55158591270447,1,0,0.0,0,0,15.60526090596225
113,143,5,0,0,8,1,True,0.0020689964294433,184.5536549091339,-5,1,125700355.0,0,-1,483.3261120073889
114,143,5,1,0,16,1,True,0.0038650035858154,184.55751991271973,1,0,0.0,0,0,258.73197211769985
115,143,5,2,0,32,1,True,0.0080311298370361,184.5655510425568,1,0,0.0,0,0,124.5154816683989
116,143,5,3,0,64,1,True,0.0159709453582763,184.58152198791504,1,0,0.0,0,0,62.61370116589812
117,144,5,4,0,128,1,True,0.0319330692291259,184.61345505714417,1,0,0.0,0,1,31.31549907792477
118,144,5,5,0,256,1,True,0.0640628337860107,184.67751789093015,1,0,0.0,0,0,15.6096747661882
119,144,5,6,0,512,1,True,0.1279170513153076,184.80543494224548,1,0,0.0,0,0,7.817566068929013
120,144,5,7,0,1024,1,True,0.2560749053955078,185.061509847641,1,0,0.0,0,0,3.905107368703308
121,144,5,8,0,2048,1,True,0.5119609832763672,185.57347083091736,1,0,0.0,0,0,1.9532738483318741
122,144,5,9,0,4000,1,True,1.0240521430969238,186.59752297401428,1,0,0.0,0,0,0.9765127749997322
123,144,5,10,0,4000,1,True,1.9999799728393557,188.59750294685364,1,0,0.0,0,0,0.5000050068402975
124,144,5,11,0,4000,1,True,2.000005006790161,190.5975079536438,1,0,0.0,0,0,0.4999987483055932
125,144,5,12,0,4000,1,True,2.0000340938568115,192.5975420475006,1,0,0.0,0,0,0.4999914766810935
126,144,5,13,0,4000,1,True,2.0000369548797607,194.5975790023804,1,0,0.0,0,0,0.49999076145076454
127,144,5,14,0,4000,1,True,2.0000269412994385,196.5976059436798,1,0,0.0,0,0,0.49999326476586836
128,144,5,15,0,4000,1,True,2.0000228881835938,198.5976288318634,1,0,0.0,0,0,0.49999427801958446
129,144,5,16,0,4000,1,True,2.0000221729278564,200.5976510047913,1,0,0.0,0,0,0.49999445682949006
130,144,5,17,0,4000,1,True,1.9999330043792725,202.59758400917053,1,0,0.0,0,0,0.5000167494662523
131,144,5,18,0,4000,1,True,2.0000219345092773,204.5976059436798,1,0,0.0,0,0,0.49999451643282034
132,144,5,19,0,4000,1,True,2.000087022781372,206.5976929664612,1,0,0.0,0,0,0.49997824525123635
133,144,5,20,0,4000,1,True,2.0000159740448,208.597708940506,1,0,0.0,0,0,0.49999600652069603
134,144,5,21,0,4000,1,True,1.9999399185180664,210.59764885902405,1,0,0.0,0,0,0.50001502082172
135,144,5,22,0,4000,1,True,2.0000669956207275,212.5977158546448,1,0,0.0,0,0,0.49998325165585095
136,144,5,23,0,4000,1,True,1.9999971389770508,214.59771299362183,1,0,0.0,0,0,0.5000007152567605
137,144,5,24,0,4000,1,True,2.000030040740967,216.5977430343628,1,0,0.0,0,0,0.49999248992756234
138,144,5,25,0,4000,1,True,1.9999549388885496,218.59769797325131,1,0,0.0,0,0,0.5000112655316813
139,144,5,26,0,4000,1,True,2.0000319480896,220.5977299213409,1,0,0.0,0,0,0.499992013105183
140,144,5,27,0,4000,1,True,2.000020980834961,222.5977509021759,1,0,0.0,0,0,0.49999475484628364
141,144,5,28,0,4000,1,True,2.000019073486328,224.59776997566223,1,0,0.0,0,0,0.49999523167389226
142,144,5,29,0,4000,1,True,2.000087022781372,226.5978569984436,1,0,0.0,0,0,0.49997824525123635
143,144,5,30,0,4000,1,True,2.0000200271606445,228.59787702560425,1,0,0.0,0,0,0.49999499325997426
144,144,5,31,0,4000,1,True,2.000013828277588,230.59789085388184,1,0,0.0,0,0,0.4999965429545055
145,144,5,32,0,4000,1,True,1.9999361038208008,232.59782695770264,1,0,0.0,0,0,0.5000159745551563
146,144,5,33,0,4000,1,True,2.000030040740967,234.5978569984436,1,0,0.0,0,0,0.49999248992756234
147,144,5,34,0,4000,1,True,2.000030040740967,236.59788703918457,1,0,0.0,0,0,0.49999248992756234
148,144,5,35,0,4000,1,True,2.000044822692871,238.59793186187744,1,0,0.0,0,0,0.49998879457791084
149,144,5,36,0,4000,1,True,2.0000290870666504,240.5979609489441,1,0,0.0,0,0,0.49999272833909303
150,144,5,37,0,4000,1,True,1.999950885772705,242.5979118347168,1,0,0.0,0,0,0.5000122788583571
151,144,5,38,0,4000,1,True,2.000018119812012,244.5979299545288,1,0,0.0,0,0,0.4999954700880375
152,144,5,39,0,4000,1,True,2.0001020431518555,246.59803199768064,1,0,0.0,0,0,0.49997449051357035
153,144,5,40,0,4000,1,True,1.99993896484375,248.5979709625244,1,0,0.0,0,0,0.500015259254738
154,144,5,41,0,4000,1,True,2.0000200271606445,250.59799098968503,1,0,0.0,0,0,0.49999499325997426
155,144,5,42,0,4000,1,True,2.000053882598877,252.59804487228396,1,0,0.0,0,0,0.4999865297131878
156,144,5,43,0,4000,1,True,2.000035047531128,254.59807991981504,1,0,0.0,0,0,0.49999123827075653
157,144,5,44,0,4000,1,True,1.9999489784240725,256.59802889823914,1,0,0.0,0,0,0.5000127557193903
158,144,5,45,0,4000,1,True,2.000040054321289,258.5980689525604,1,0,0.0,0,0,0.4999899866202173
159,144,5,46,0,4000,1,True,2.000020980834961,260.5980899333954,1,0,0.0,0,0,0.49999475484628364
160,144,5,47,0,4000,1,True,2.000035047531128,262.5981249809265,1,0,0.0,0,0,0.49999123827075653
161,144,5,48,0,4000,1,True,2.0000369548797607,264.5981619358063,1,0,0.0,0,0,0.49999076145076454
162,144,5,49,0,4000,1,True,2.0000429153442383,266.5982048511505,1,0,0.0,0,0,0.49998927139415134
163,144,5,50,0,4000,1,True,2.000033140182495,268.598237991333,1,0,0.0,0,0,0.4999917150916579
164,144,5,51,0,4000,1,True,1.9999070167541504,270.5981450080872,1,0,0.0,0,0,0.5000232468922482
165,144,5,52,0,4000,1,True,2.0001230239868164,272.598268032074,1,0,0.0,0,0,0.4999692458950422
166,144,5,53,0,4000,1,True,1.9999749660491943,274.5982429981232,1,0,0.0,0,0,0.5000062585660398
167,144,5,54,0,4000,1,True,2.0000109672546387,276.5982539653778,1,0,0.0,0,0,0.49999725820137536
168,144,5,55,0,4000,1,True,1.9999558925628664,278.5982098579407,1,0,0.0,0,0,0.500011027102472
169,144,5,56,0,4000,1,True,2.0000600814819336,280.5982699394226,1,0,0.0,0,0,0.4999849800807261
170,144,5,57,0,4000,1,True,2.000035047531128,282.59830498695374,1,0,0.0,0,0,0.49999123827075653
171,144,5,58,0,4000,1,True,2.0000100135803223,284.59831500053406,1,0,0.0,0,0,0.49999749661745335
172,144,5,59,0,4000,1,True,2.0000569820404053,286.59837198257446,1,0,0.0,0,0,0.49998575489575625
173,144,5,60,0,4000,1,True,2.0000228881835938,288.59839487075806,1,0,0.0,0,0,0.49999427801958446
174,144,5,61,0,4000,1,True,2.0000131130218506,290.5984079837799,1,0,0.0,0,0,0.4999967217660311
175,144,5,62,0,4000,1,True,1.999932050704956,292.59834003448486,1,0,0.0,0,0,0.500016987900919
176,144,5,63,0,4000,1,True,2.0000178813934326,294.5983579158783,1,0,0.0,0,0,0.49999552969160954
177,144,5,64,0,4000,1,True,2.000018119812012,296.5983760356903,1,0,0.0,0,0,0.4999954700880375
178,144,5,65,0,4000,1,True,2.0000150203704834,298.5983910560608,1,0,0.0,0,0,0.49999624493558037
179,144,5,66,0,4000,1,True,2.0000147819519043,300.5984058380127,1,0,0.0,0,0,0.49999630453933697
180,144,5,67,0,4000,1,True,2.00007700920105,302.59848284721375,1,0,0.0,0,0,0.49998074844101115
181,143,6,0,0,8,1,True,1.2481470108032229,303.84662985801697,-67,1,119292055011.0,0,-1,0.8011876736831407
182,143,6,1,0,16,1,True,0.0031449794769287,303.8497748374939,1,0,0.0,0,0,317.96709877947194
183,143,6,2,0,32,1,True,0.0087161064147949,303.8584909439087,1,0,0.0,0,0,114.73012746868021
184,143,6,3,0,64,1,True,0.015949010848999,303.8744399547577,1,0,0.0,0,0,62.69981313999561
185,144,6,4,0,128,1,True,0.0319790840148925,303.9064190387726,1,0,0.0,0,1,31.270439126220904
186,144,6,5,0,256,1,True,0.0640609264373779,303.97047996521,1,0,0.0,0,0,15.610139528305755
187,143,7,0,0,8,1,True,0.0017709732055664,303.9722509384155,-5,1,125700354.0,0,-1,564.661281637051
188,143,7,1,0,16,1,True,0.0021829605102539,303.9744338989258,1,0,0.0,0,0,458.09349060725333
189,143,7,2,0,32,1,True,0.008052110671997,303.9824860095978,1,0,0.0,0,0,124.19104018002656
190,143,7,3,0,64,1,True,0.0159969329833984,303.9984829425812,1,0,0.0,0,0,62.51198283057127
191,144,7,4,0,128,1,True,0.0320091247558593,304.03049206733704,1,0,0.0,0,1,31.241091645811064
192,144,7,5,0,256,1,True,0.0639228820800781,304.0944149494171,1,0,0.0,0,0,15.643850331204876
193,144,7,6,0,512,1,True,0.128058910369873,304.222473859787,1,0,0.0,0,0,7.808906050439572
194,144,7,7,0,1024,1,True,0.2560172080993652,304.47849106788635,1,0,0.0,0,0,3.9059874428904826
195,144,7,8,0,2048,1,True,0.5120208263397217,304.9905118942261,1,0,0.0,0,0,1.9530455570502674
196,144,7,9,0,4000,1,True,1.0239300727844238,306.0144419670105,1,0,0.0,0,0,0.9766291923438194
197,144,7,10,0,4000,1,True,2.0000689029693604,308.01451086997986,1,0,0.0,0,0,0.4999827748510919
198,144,7,11,0,4000,1,True,2.0000460147857666,310.0145568847656,1,0,0.0,0,0,0.4999884965682223
199,144,7,12,0,4000,1,True,2.000005006790161,312.0145618915558,1,0,0.0,0,0,0.4999987483055932
200,144,7,13,0,4000,1,True,2.000023126602173,314.014585018158,1,0,0.0,0,0,0.499994218416311
201,144,7,14,0,4000,1,True,2.000013828277588,316.01459884643555,1,0,0.0,0,0,0.4999965429545055
202,144,7,15,0,4000,1,True,1.9999589920043943,318.01455783843994,1,0,0.0,0,0,0.5000102522091127
203,144,7,16,0,4000,1,True,2.000040054321289,320.01459789276123,1,0,0.0,0,0,0.4999899866202173
204,144,7,17,0,4000,1,True,2.0000481605529785,322.0146460533142,1,0,0.0,0,0,0.49998796015167823
205,144,7,18,0,4000,1,True,2.0000088214874268,324.01465487480164,1,0,0.0,0,0,0.4999977946378706
206,144,7,19,0,4000,1,True,1.9999961853027344,326.0146510601044,1,0,0.0,0,0,0.5000009536761354
207,144,7,20,0,4000,1,True,1.9999988079071045,328.0146498680115,1,0,0.0,0,0,0.5000002980234015
208,144,7,21,0,4000,1,True,1.999972105026245,330.0146219730377,1,0,0.0,0,0,0.5000069738407064
209,144,7,22,0,4000,1,True,2.000098943710327,332.01472091674805,1,0,0.0,0,0,0.4999752652960899
210,144,7,23,0,4000,1,True,2.0000290870666504,334.0147500038147,1,0,0.0,0,0,0.49999272833909303
211,144,7,24,0,4000,1,True,2.000002861022949,336.01475286483765,1,0,0.0,0,0,0.4999992847452859
212,144,7,25,0,4000,1,True,1.9999520778656008,338.01470494270325,1,0,0.0,0,0,0.500011980820673
213,144,7,26,0,4000,1,True,2.0001380443573,340.01484298706055,1,0,0.0,0,0,0.4999654912925412
214,144,7,27,0,4000,1,True,1.999964952468872,342.0148079395294,1,0,0.0,0,0,0.5000087620363258
215,144,7,28,0,4000,1,True,2.000016927719116,344.01482486724854,1,0,0.0,0,0,0.49999576810603913
216,144,7,29,0,4000,1,True,1.9999401569366453,346.0147650241852,1,0,0.0,0,0,0.5000149612135011
217,144,7,30,0,4000,1,True,2.000018835067749,348.01478385925293,1,0,0.0,0,0,0.49999529127740727
218,144,7,31,0,4000,1,True,2.0000460147857666,350.0148298740387,1,0,0.0,0,0,0.4999884965682223
219,144,7,32,0,4000,1,True,2.000030994415283,352.014860868454,1,0,0.0,0,0,0.49999225151625903
220,144,7,33,0,4000,1,True,2.000033140182495,354.0148940086365,1,0,0.0,0,0,0.4999917150916579
221,144,7,34,0,4000,1,True,2.0000319480896,356.0149259567261,1,0,0.0,0,0,0.499992013105183
222,144,7,35,0,4000,1,True,2.000014066696167,358.01494002342224,1,0,0.0,0,0,0.4999964833506921
223,144,7,36,0,4000,1,True,2.0000150203704834,360.0149550437927,1,0,0.0,0,0,0.49999624493558037
224,144,7,37,0,4000,1,True,1.999961853027344,362.01491689682007,1,0,0.0,0,0,0.5000095369250664
225,144,7,38,0,4000,1,True,2.000028133392334,364.0149450302124,1,0,0.0,0,0,0.4999929667508511
226,144,7,39,0,4000,1,True,2.000030994415283,366.0149760246277,1,0,0.0,0,0,0.49999225151625903
227,144,7,40,0,4000,1,True,2.000041007995605,368.0150170326233,1,0,0.0,0,0,0.4999897482113014
228,144,7,41,0,4000,1,True,2.000006914138794,370.0150239467621,1,0,0.0,0,0,0.4999982714712772
229,144,7,42,0,4000,1,True,2.000009059906006,372.0150330066681,1,0,0.0,0,0,0.4999977350337587
230,144,7,43,0,4000,1,True,2.000006914138794,374.0150399208069,1,0,0.0,0,0,0.4999982714712772
231,144,7,44,0,4000,1,True,2.000083923339844,376.01512384414673,1,0,0.0,0,0,0.4999790200453929
232,144,7,45,0,4000,1,True,1.9999802112579343,378.0151040554047,1,0,0.0,0,0,0.5000049472344662
233,144,7,46,0,4000,1,True,2.000019788742065,380.01512384414673,1,0,0.0,0,0,0.49999505286343254
234,144,7,47,0,4000,1,True,2.000014066696167,382.0151379108429,1,0,0.0,0,0,0.4999964833506921
235,144,7,48,0,4000,1,True,2.0000159740448,384.0151538848877,1,0,0.0,0,0,0.49999600652069603
236,144,7,49,0,4000,1,True,2.0000150203704834,386.0151689052582,1,0,0.0,0,0,0.49999624493558037
237,144,7,50,0,4000,1,True,1.9999971389770508,388.0151660442352,1,0,0.0,0,0,0.5000007152567605
238,144,7,51,0,4000,1,True,2.0000479221343994,390.0152139663696,1,0,0.0,0,0,0.49998801975345963
239,144,7,52,0,4000,1,True,1.9999570846557615,392.0151710510254,1,0,0.0,0,0,0.5000107290662804
240,144,7,53,0,4000,1,True,2.000018835067749,394.01518988609314,1,0,0.0,0,0,0.49999529127740727
241,144,7,54,0,4000,1,True,2.000030994415283,396.0152208805084,1,0,0.0,0,0,0.49999225151625903
242,144,7,55,0,4000,1,True,2.000028133392334,398.0152490139008,1,0,0.0,0,0,0.4999929667508511
243,144,7,56,0,4000,1,True,1.9999549388885496,400.0152039527893,1,0,0.0,0,0,0.5000112655316813
244,144,7,57,0,4000,1,True,2.000138998031616,402.0153429508209,1,0,0.0,0,0,0.49996525290698474
245,144,7,58,0,4000,1,True,1.999996900558472,404.0153398513794,1,0,0.0,0,0,0.5000007748615829
246,144,7,59,0,4000,1,True,2.000019073486328,406.0153589248657,1,0,0.0,0,0,0.49999523167389226
247,144,7,60,0,4000,1,True,2.0000150203704834,408.0153739452362,1,0,0.0,0,0,0.49999624493558037
248,144,7,61,0,4000,1,True,2.0000159740448,410.015389919281,1,0,0.0,0,0,0.49999600652069603
249,144,7,62,0,4000,1,True,1.999932050704956,412.015321969986,1,0,0.0,0,0,0.500016987900919
250,144,7,63,0,4000,1,True,2.000082969665528,414.0154049396515,1,0,0.0,0,0,0.49997925844407803
251,144,7,64,0,4000,1,True,2.000005006790161,416.0154099464417,1,0,0.0,0,0,0.4999987483055932
252,144,7,65,0,4000,1,True,2.000019073486328,418.015429019928,1,0,0.0,0,0,0.49999523167389226
253,144,7,66,0,4000,1,True,1.9999489784240725,420.0153779983521,1,0,0.0,0,0,0.5000127557193903
254,144,7,67,0,4000,1,True,2.000018835067749,422.0153968334198,1,0,0.0,0,0,0.49999529127740727
255,144,7,68,0,4000,1,True,2.000038146972656,424.01543498039246,1,0,0.0,0,0,0.49999046343873155
256,144,7,69,0,4000,1,True,2.0000369548797607,426.0154719352722,1,0,0.0,0,0,0.49999076145076454
257,144,7,70,0,4000,1,True,2.0000360012054443,428.01550793647766,1,0,0.0,0,0,0.4999909998606468
258,144,7,71,0,4000,1,True,2.000027894973755,430.0155358314514,1,0,0.0,0,0,0.49999302635382614
259,144,7,72,0,4000,1,True,2.000016212463379,432.0155520439148,1,0,0.0,0,0,0.4999959469170105
260,144,7,73,0,4000,1,True,1.9999308586120603,434.01548290252686,1,0,0.0,0,0,0.5000172859445721
261,144,7,74,0,4000,1,True,2.0000970363616943,436.01557993888855,1,0,0.0,0,0,0.49997574208652623
262,144,7,75,0,4000,1,True,2.000011920928955,438.0155918598175,1,0,0.0,0,0,0.4999970197855247
263,144,7,76,0,4000,1,True,2.000019073486328,440.01561093330383,1,0,0.0,0,0,0.49999523167389226
264,144,7,77,0,4000,1,True,2.000018119812012,442.01562905311584,1,0,0.0,0,0,0.4999954700880375
265,144,7,78,0,4000,1,True,1.999957799911499,444.01558685302734,1,0,0.0,0,0,0.5000105502447358
266,144,7,79,0,4000,1,True,2.0000741481781006,446.01566100120544,1,0,0.0,0,0,0.4999814636426934
267,144,7,80,0,4000,1,True,2.0000078678131104,448.01566886901855,1,0,0.0,0,0,0.49999803305446017
268,144,7,81,0,4000,1,True,1.999986171722412,450.01565504074097,1,0,0.0,0,0,0.5000034570932997
269,144,7,82,0,4000,1,True,2.000049829483032,452.015704870224,1,0,0.0,0,0,0.4999875429396065
270,144,7,83,0,4000,1,True,2.0000271797180176,454.015732049942,1,0,0.0,0,0,0.49999320516283646
271,144,7,84,0,4000,1,True,2.0000128746032715,456.0157449245453,1,0,0.0,0,0,0.49999678136990144
272,144,7,85,0,4000,1,True,2.0000159740448,458.0157608985901,1,0,0.0,0,0,0.49999600652069603
273,144,7,86,0,4000,1,True,2.0000240802764893,460.0157849788666,1,0,0.0,0,0,0.49999398000335926
274,144,7,87,0,4000,1,True,1.9999959468841555,462.01578092575073,1,0,0.0,0,0,0.5000010132810147
275,144,7,88,0,4000,1,True,2.000019073486328,464.01579999923706,1,0,0.0,0,0,0.49999523167389226
276,144,7,89,0,4000,1,True,1.9999878406524656,466.0157878398895,1,0,0.0,0,0,0.500003039855365
277,144,7,90,0,4000,1,True,2.000038146972656,468.0158259868622,1,0,0.0,0,0,0.49999046343873155
278,144,7,91,0,4000,1,True,2.0,470.0158259868622,1,0,0.0,0,0,0.5
279,144,7,92,0,4000,1,True,1.9999558925628664,472.01578187942505,1,0,0.0,0,0,0.500011027102472
280,144,7,93,0,4000,1,True,2.000030994415283,474.01581287384033,1,0,0.0,0,0,0.49999225151625903
281,144,7,94,0,4000,1,True,2.0000221729278564,476.0158350467682,1,0,0.0,0,0,0.49999445682949006
282,144,7,95,0,4000,1,True,2.0000908374786377,478.0159258842468,1,0,0.0,0,0,0.49997729166172467
283,144,7,96,0,4000,1,True,2.000014066696167,480.015939950943,1,0,0.0,0,0,0.4999964833506921
284,144,7,97,0,4000,1,True,2.0000178813934326,482.0159578323364,1,0,0.0,0,0,0.49999552969160954
285,144,7,98,0,4000,1,True,2.000014066696167,484.0159718990326,1,0,0.0,0,0,0.4999964833506921
286,144,7,99,0,4000,1,True,2.0000040531158447,486.0159759521485,1,0,0.0,0,0,0.4999989867230923
287,144,7,100,0,4000,1,True,1.999963998794556,488.015939950943,1,0,0.0,0,0,0.5000090004633747
288,144,7,101,0,4000,1,True,2.000027894973755,490.0159678459168,1,0,0.0,0,0,0.49999302635382614
289,144,7,102,0,4000,1,True,2.000038146972656,492.0160059928894,1,0,0.0,0,0,0.49999046343873155
290,144,7,103,0,4000,1,True,2.000016927719116,494.0160229206085,1,0,0.0,0,0,0.49999576810603913
291,144,7,104,0,4000,1,True,1.9999570846557615,496.0159800052643,1,0,0.0,0,0,0.5000107290662804
292,143,8,0,0,8,1,True,0.700592041015625,496.7165720462799,-104,1,192742645264.0,0,-1,1.4273642026397177
293,143,8,1,0,16,1,True,0.0035018920898437,496.72007393836975,1,0,0.0,0,0,285.55991285403456
294,143,8,2,0,32,1,True,0.0079278945922851,496.7280018329621,1,0,0.0,0,0,126.13689402141313
295,143,8,3,0,64,1,True,0.0160660743713378,496.7440679073334,1,0,0.0,0,0,62.24295847802249
296,144,8,4,0,128,1,True,0.0319299697875976,496.775997877121,1,0,0.0,0,1,31.318538872793578
297,144,8,5,0,256,1,True,0.0640070438385009,496.8400049209595,1,0,0.0,0,0,15.62328050211389
298,143,9,0,0,8,1,True,0.0022399425506591,496.8422448635101,-5,1,125750422.0,0,-1,446.440021287935
299,143,9,1,0,16,1,True,0.0037510395050048,496.8459959030152,1,0,0.0,0,0,266.59276679591255
300,143,9,2,0,32,1,True,0.0080771446228027,496.85407304763794,1,0,0.0,0,0,123.80612787059502
301,143,9,3,0,64,1,True,0.0159339904785156,496.87000703811646,1,0,0.0,0,0,62.75891788364865
302,144,9,4,0,128,1,True,0.032012939453125,496.9020199775696,1,0,0.0,0,1,31.237368922783602
303,144,9,5,0,256,1,True,0.0639798641204834,496.96599984169006,1,0,0.0,0,0,15.629917533379789
304,144,9,6,0,512,1,True,0.1280741691589355,497.094074010849,1,0,0.0,0,0,7.8079756953881585
305,144,9,7,0,1024,1,True,0.2559778690338135,497.3500518798828,1,0,0.0,0,0,3.9065877209404563
306,144,9,8,0,2048,1,True,0.5119869709014893,497.8620388507843,1,0,0.0,0,0,1.9531747033312858
307,144,9,9,0,4000,1,True,1.02398419380188,498.8860230445862,1,0,0.0,0,0,0.9765775741978684
308,144,9,10,0,4000,1,True,2.0000967979431152,500.8861198425293,1,0,0.0,0,0,0.49997580168539474
309,144,9,11,0,4000,1,True,2.0000321865081787,502.8861520290375,1,0,0.0,0,0,0.4999919535024496
310,144,9,12,0,4000,1,True,1.999929904937744,504.8860819339752,1,0,0.0,0,0,0.5000175243797502
311,144,9,13,0,4000,1,True,2.000040054321289,506.8861219882965,1,0,0.0,0,0,0.4999899866202173
312,144,9,14,0,4000,1,True,2.0000569820404053,508.8861789703369,1,0,0.0,0,0,0.49998575489575625
313,144,9,15,0,4000,1,True,2.0000240802764893,510.8862030506134,1,0,0.0,0,0,0.49999398000335926
314,144,9,16,0,4000,1,True,1.999952793121338,512.8861558437347,1,0,0.0,0,0,0.5000118019982333
315,144,9,17,0,4000,1,True,2.0000360012054443,514.8861918449402,1,0,0.0,0,0,0.4999909998606468
316,144,9,18,0,4000,1,True,2.000033140182495,516.8862249851227,1,0,0.0,0,0,0.4999917150916579
317,144,9,19,0,4000,1,True,2.0000338554382324,518.8862588405609,1,0,0.0,0,0,0.4999915362837133
318,144,9,20,0,4000,1,True,2.0000250339508057,520.8862838745117,1,0,0.0,0,0,0.4999937415906349
319,144,9,21,0,4000,1,True,1.9999339580535889,522.8862178325653,1,0,0.0,0,0,0.5000165110318131
320,144,9,22,0,4000,1,True,2.0000340938568115,524.8862519264221,1,0,0.0,0,0,0.4999914766810935
321,144,9,23,0,4000,1,True,2.0000340938568115,526.8862860202789,1,0,0.0,0,0,0.4999914766810935
322,144,9,24,0,4000,1,True,2.000037908554077,528.886323928833,1,0,0.0,0,0,0.49999052304110964
323,144,9,25,0,4000,1,True,2.0000340938568115,530.8863580226898,1,0,0.0,0,0,0.4999914766810935
324,144,9,26,0,4000,1,True,1.9999468326568604,532.8863048553467,1,0,0.0,0,0,0.5000132921891401
325,144,9,27,0,4000,1,True,2.000018119812012,534.8863229751587,1,0,0.0,0,0,0.4999954700880375
326,144,9,28,0,4000,1,True,2.00004506111145,536.8863680362701,1,0,0.0,0,0,0.4999887349759447
327,144,9,29,0,4000,1,True,2.0000369548797607,538.8864049911499,1,0,0.0,0,0,0.49999076145076454
328,144,9,30,0,4000,1,True,2.000056028366089,540.886461019516,1,0,0.0,0,0,0.499985993300864
329,144,9,31,0,4000,1,True,2.0000150203704834,542.8864760398865,1,0,0.0,0,0,0.49999624493558037
330,144,9,32,0,4000,1,True,2.0000269412994385,544.8865029811859,1,0,0.0,0,0,0.49999326476586836
331,144,9,33,0,4000,1,True,1.9998998641967771,546.8864028453827,1,0,0.0,0,0,0.5000250352042659
332,144,9,34,0,4000,1,True,2.000105142593384,548.8865079879761,1,0,0.0,0,0,0.499973715733452
333,144,9,35,0,4000,1,True,1.9999380111694336,550.8864459991455,1,0,0.0,0,0,0.5000154976879834
334,144,9,36,0,4000,1,True,2.0000460147857666,552.8864920139313,1,0,0.0,0,0,0.4999884965682223
335,144,9,37,0,4000,1,True,2.000037908554077,554.8865299224854,1,0,0.0,0,0,0.49999052304110964
336,144,9,38,0,4000,1,True,2.0000429153442383,556.8865728378296,1,0,0.0,0,0,0.49998927139415134
337,144,9,39,0,4000,1,True,2.000012159347534,558.8865849971771,1,0,0.0,0,0,0.49999696018159756
338,144,9,40,0,4000,1,True,1.9999339580535889,560.8865189552307,1,0,0.0,0,0,0.5000165110318131
339,144,9,41,0,4000,1,True,2.0000319480896,562.8865509033203,1,0,0.0,0,0,0.499992013105183
340,144,9,42,0,4000,1,True,2.0000431537628174,564.8865940570831,1,0,0.0,0,0,0.49998921179207156
341,144,9,43,0,4000,1,True,2.000027894973755,566.8866219520569,1,0,0.0,0,0,0.49999302635382614
342,144,9,44,0,4000,1,True,2.0000391006469727,568.8866610527039,1,0,0.0,0,0,0.4999902250293607
343,144,9,45,0,4000,1,True,2.000208854675293,570.8868699073792,1,0,0.0,0,0,0.49994779178314186
344,144,9,46,0,4000,1,True,1.9997551441192627,572.8866250514984,1,0,0.0,0,0,0.5000612214654022
345,144,9,47,0,4000,1,True,2.0000178813934326,574.8866429328918,1,0,0.0,0,0,0.49999552969160954
346,144,9,48,0,4000,1,True,2.000037908554077,576.8866808414459,1,0,0.0,0,0,0.49999052304110964
347,144,9,49,0,4000,1,True,2.00002121925354,578.8867020606995,1,0,0.0,0,0,0.49999469524289647
348,144,9,50,0,4000,1,True,2.0000438690185547,580.886745929718,1,0,0.0,0,0,0.4999890329859174
349,144,9,51,0,4000,1,True,1.9999539852142332,582.8866999149323,1,0,0.0,0,0,0.5000115039611178
350,144,9,52,0,4000,1,True,2.0000360012054443,584.8867359161377,1,0,0.0,0,0,0.4999909998606468
351,144,9,53,0,4000,1,True,2.000033140182495,586.8867690563202,1,0,0.0,0,0,0.4999917150916579
352,144,9,54,0,4000,1,True,2.0000479221343994,588.8868169784546,1,0,0.0,0,0,0.49998801975345963
353,144,9,55,0,4000,1,True,2.000009059906006,590.8868260383606,1,0,0.0,0,0,0.4999977350337587
354,144,9,56,0,4000,1,True,2.000065803527832,592.8868918418884,1,0,0.0,0,0,0.4999835496592872
355,144,9,57,0,4000,1,True,2.0000221729278564,594.8869140148163,1,0,0.0,0,0,0.49999445682949006
356,144,9,58,0,4000,1,True,1.9999949932098389,596.8869090080261,1,0,0.0,0,0,0.5000012517006738
357,144,9,59,0,4000,1,True,2.0000360012054443,598.8869450092316,1,0,0.0,0,0,0.4999909998606468
358,144,9,60,0,4000,1,True,1.9999549388885496,600.8868999481201,1,0,0.0,0,0,0.5000112655316813
359,144,9,61,0,4000,1,True,2.000030040740967,602.8869299888611,1,0,0.0,0,0,0.49999248992756234
360,144,9,62,0,4000,1,True,2.000035047531128,604.8869650363922,1,0,0.0,0,0,0.49999123827075653
361,144,9,63,0,4000,1,True,2.0000247955322266,606.8869898319244,1,0,0.0,0,0,0.4999938011937947
362,143,10,0,0,8,1,True,0.8648250102996826,607.7518148422241,-63,1,110908551336.0,0,-1,1.1563032845840988
363,143,10,1,0,16,1,True,0.0020780563354492,607.7538928985596,1,0,0.0,0,0,481.21890775585564
364,143,10,2,0,32,1,True,0.0090711116790771,607.7629640102386,1,0,0.0,0,0,110.24007149052547
365,143,10,3,0,64,1,True,0.0160188674926757,607.7789828777313,1,0,0.0,0,0,62.426385664106995
366,144,10,4,0,128,1,True,0.0319631099700927,607.8109459877014,1,0,0.0,0,1,31.286066998351597
367,144,10,5,0,256,1,True,0.063971996307373,607.8749179840088,1,0,0.0,0,0,15.631839831841333
368,143,11,0,0,8,1,True,0.0026040077209472,607.8775219917297,-5,1,125700235.0,0,-1,384.02343893060845
369,143,11,1,0,16,1,True,0.0034389495849609,607.8809609413147,1,0,0.0,0,0,290.7864669994485
370,143,11,2,0,32,1,True,0.0079579353332519,607.888918876648,1,0,0.0,0,0,125.66073461561592
371,143,11,3,0,64,1,True,0.0161230564117431,607.9050419330597,1,0,0.0,0,0,62.02297966728305
372,144,11,4,0,128,1,True,0.0318810939788818,607.9369230270386,1,0,0.0,0,1,31.366552247623783
373,144,11,5,0,256,1,True,0.0639929771423339,608.0009160041809,1,0,0.0,0,0,15.626714753023425
374,144,11,6,0,512,1,True,0.1280698776245117,608.1289858818054,1,0,0.0,0,0,7.80823733533893
375,144,11,7,0,1024,1,True,0.2559230327606201,608.384908914566,1,0,0.0,0,0,3.907424780071901
376,144,11,8,0,2048,1,True,0.5120389461517334,608.8969478607178,1,0,0.0,0,0,1.9529764435216774
377,144,11,9,0,4000,1,True,1.024034023284912,609.9209818840027,1,0,0.0,0,0,0.9765300539450678
378,144,11,10,0,4000,1,True,2.000041961669922,611.9210238456726,1,0,0.0,0,0,0.49998950980261264
379,144,11,11,0,4000,1,True,1.999955177307129,613.9209790229797,1,0,0.0,0,0,0.5000112059243577
380,144,11,12,0,4000,1,True,2.000032901763916,615.9210119247437,1,0,0.0,0,0,0.49999177469433453
381,144,11,13,0,4000,1,True,2.0000340938568115,617.9210460186005,1,0,0.0,0,0,0.4999914766810935
382,144,11,14,0,4000,1,True,2.000035047531128,619.9210810661316,1,0,0.0,0,0,0.49999123827075653
383,144,11,15,0,4000,1,True,2.0000269412994385,621.921108007431,1,0,0.0,0,0,0.49999326476586836
384,144,11,16,0,4000,1,True,2.000013828277588,623.9211218357086,1,0,0.0,0,0,0.4999965429545055
385,144,11,17,0,4000,1,True,1.9999592304229736,625.9210810661316,1,0,0.0,0,0,0.5000101926020306
386,144,11,18,0,4000,1,True,2.000020980834961,627.9211020469666,1,0,0.0,0,0,0.49999475484628364
387,144,11,19,0,4000,1,True,2.0000100135803223,629.9211120605469,1,0,0.0,0,0,0.49999749661745335
388,144,11,20,0,4000,1,True,2.000070810317993,631.9211828708649,1,0,0.0,0,0,0.49998229804724215
389,144,11,21,0,4000,1,True,1.999967098236084,633.921149969101,1,0,0.0,0,0,0.500008225576297
390,144,11,22,0,4000,1,True,2.000066041946411,635.9212160110474,1,0,0.0,0,0,0.49998349005857157
391,144,11,23,0,4000,1,True,2.0000219345092773,637.9212379455566,1,0,0.0,0,0,0.49999451643282034
392,144,11,24,0,4000,1,True,1.9999780654907229,639.9212160110474,1,0,0.0,0,0,0.5000054836874602
393,144,11,25,0,4000,1,True,1.9999630451202397,641.9211790561676,1,0,0.0,0,0,0.5000092388906511
394,144,11,26,0,4000,1,True,2.0000338554382324,643.9212129116058,1,0,0.0,0,0,0.4999915362837133
395,144,11,27,0,4000,1,True,2.0000979900360107,645.9213109016418,1,0,0.0,0,0,0.4999755036911944
396,144,11,28,0,4000,1,True,2.0000150203704834,647.9213259220123,1,0,0.0,0,0,0.49999624493558037
397,144,11,29,0,4000,1,True,1.9999520778656008,649.9212779998779,1,0,0.0,0,0,0.500011980820673
398,144,11,30,0,4000,1,True,2.000016927719116,651.921294927597,1,0,0.0,0,0,0.49999576810603913
399,144,11,31,0,4000,1,True,2.0000500679016118,653.9213449954987,1,0,0.0,0,0,0.4999874833379386
400,144,11,32,0,4000,1,True,2.0000360012054443,655.9213809967041,1,0,0.0,0,0,0.4999909998606468
401,144,11,33,0,4000,1,True,1.9999430179595947,657.9213240146637,1,0,0.0,0,0,0.500014245915982
402,144,11,34,0,4000,1,True,2.000044822692871,659.9213688373566,1,0,0.0,0,0,0.49998879457791084
403,144,11,35,0,4000,1,True,2.0000360012054443,661.921404838562,1,0,0.0,0,0,0.4999909998606468
404,144,11,36,0,4000,1,True,1.999948024749756,663.9213528633118,1,0,0.0,0,0,0.5000129941502481
405,144,11,37,0,4000,1,True,2.0000271797180176,665.9213800430298,1,0,0.0,0,0,0.49999320516283646
406,144,11,38,0,4000,1,True,2.0001018047332764,667.9214818477631,1,0,0.0,0,0,0.4999745501121404
407,144,11,39,0,4000,1,True,2.0000240802764893,669.9215059280396,1,0,0.0,0,0,0.49999398000335926
408,144,11,40,0,4000,1,True,1.999958038330078,671.9214639663696,1,0,0.0,0,0,0.5000104906375828
409,144,11,41,0,4000,1,True,2.000019073486328,673.921483039856,1,0,0.0,0,0,0.49999523167389226
410,144,11,42,0,4000,1,True,2.0000460147857666,675.9215290546417,1,0,0.0,0,0,0.4999884965682223
411,144,11,43,0,4000,1,True,2.000025987625122,677.9215550422668,1,0,0.0,0,0,0.49999350317813795
412,144,11,44,0,4000,1,True,2.000018835067749,679.9215738773346,1,0,0.0,0,0,0.49999529127740727
413,144,11,45,0,4000,1,True,1.999963998794556,681.9215378761292,1,0,0.0,0,0,0.5000090004633747
414,144,11,46,0,4000,1,True,2.0000131130218506,683.921550989151,1,0,0.0,0,0,0.4999967217660311
415,144,11,47,0,4000,1,True,2.000064849853516,685.9216158390045,1,0,0.0,0,0,0.4999837880622919
416,144,11,48,0,4000,1,True,2.000019073486328,687.9216349124908,1,0,0.0,0,0,0.49999523167389226
417,144,11,49,0,4000,1,True,2.000044107437134,689.921679019928,1,0,0.0,0,0,0.4999889733838944
418,144,11,50,0,4000,1,True,2.000027894973755,691.9217069149017,1,0,0.0,0,0,0.49999302635382614
419,144,11,51,0,4000,1,True,2.000014066696167,693.9217209815979,1,0,0.0,0,0,0.4999964833506921
420,144,11,52,0,4000,1,True,2.0000109672546387,695.9217319488525,1,0,0.0,0,0,0.49999725820137536
421,144,11,53,0,4000,1,True,2.000020980834961,697.9217529296875,1,0,0.0,0,0,0.49999475484628364
422,144,11,54,0,4000,1,True,2.000018119812012,699.9217710494995,1,0,0.0,0,0,0.4999954700880375
423,144,11,55,0,4000,1,True,2.0000128746032715,701.9217839241028,1,0,0.0,0,0,0.49999678136990144
424,144,11,56,0,4000,1,True,2.0000159740448,703.9217998981476,1,0,0.0,0,0,0.49999600652069603
425,144,11,57,0,4000,1,True,1.999964952468872,705.9217648506165,1,0,0.0,0,0,0.5000087620363258
426,144,11,58,0,4000,1,True,2.0000481605529785,707.9218130111694,1,0,0.0,0,0,0.49998796015167823
427,144,11,59,0,4000,1,True,2.000032901763916,709.9218459129333,1,0,0.0,0,0,0.49999177469433453
428,144,11,60,0,4000,1,True,1.999999046325684,711.921844959259,1,0,0.0,0,0,0.5000002384186927
429,144,11,61,0,4000,1,True,1.999953031539917,713.921797990799,1,0,0.0,0,0,0.5000117423907817
430,144,11,62,0,4000,1,True,2.000005006790161,715.9218029975891,1,0,0.0,0,0,0.4999987483055932
431,144,11,63,0,4000,1,True,2.000016927719116,717.9218199253082,1,0,0.0,0,0,0.49999576810603913
432,144,11,64,0,4000,1,True,2.0000970363616943,719.9219169616699,1,0,0.0,0,0,0.49997574208652623
433,144,11,65,0,4000,1,True,2.0000200271606445,721.9219369888306,1,0,0.0,0,0,0.49999499325997426
434,144,11,66,0,4000,1,True,2.000006914138794,723.9219439029694,1,0,0.0,0,0,0.4999982714712772
435,144,11,67,0,4000,1,True,2.0000100135803223,725.9219539165497,1,0,0.0,0,0,0.49999749661745335
436,144,11,68,0,4000,1,True,2.0000250339508057,727.9219789505005,1,0,0.0,0,0,0.4999937415906349
437,144,11,69,0,4000,1,True,2.000019073486328,729.9219980239868,1,0,0.0,0,0,0.49999523167389226
438,144,11,70,0,4000,1,True,2.0000288486480717,731.9220268726349,1,0,0.0,0,0,0.49999278794201113
439,144,11,71,0,4000,1,True,1.999955177307129,733.921982049942,1,0,0.0,0,0,0.5000112059243577
440,144,11,72,0,4000,1,True,2.0000219345092773,735.9220039844513,1,0,0.0,0,0,0.49999451643282034
441,144,11,73,0,4000,1,True,1.999963998794556,737.9219679832458,1,0,0.0,0,0,0.5000090004633747
442,144,11,74,0,4000,1,True,2.0000240802764893,739.9219920635223,1,0,0.0,0,0,0.49999398000335926
443,144,11,75,0,4000,1,True,2.000095844268799,741.9220879077911,1,0,0.0,0,0,0.49997604008101076
444,144,11,76,0,4000,1,True,2.000019073486328,743.9221069812775,1,0,0.0,0,0,0.49999523167389226
445,144,11,77,0,4000,1,True,1.999953031539917,745.9220600128174,1,0,0.0,0,0,0.5000117423907817
446,144,11,78,0,4000,1,True,2.0000369548797607,747.9220969676971,1,0,0.0,0,0,0.49999076145076454
447,143,12,0,0,8,1,True,1.982146978378296,749.9042439460754,-78,1,142025593579.0,0,-1,0.50450345555008
448,143,12,1,0,16,1,True,0.0039119720458984,749.9081559181213,1,0,0.0,0,0,255.62554851292296
449,143,12,2,0,32,1,True,0.0080001354217529,749.9161560535431,1,0,0.0,0,0,124.99788407092879
450,143,12,3,0,64,1,True,0.0159637928009033,749.932119846344,1,0,0.0,0,0,62.64175515629442
451,144,12,4,0,128,1,True,0.0319440364837646,749.9640638828278,1,0,0.0,0,1,31.30474761723507
452,144,12,5,0,256,1,True,0.0642399787902832,750.028303861618,1,0,0.0,0,0,15.566630295202678
453,143,13,0,0,8,1,True,0.0016441345214843,750.0299479961395,-5,1,125700056.0,0,-1,608.2227378190532
454,143,13,1,0,16,1,True,0.0022449493408203,750.0321929454803,1,0,0.0,0,0,445.4443500424834
455,143,13,2,0,32,1,True,0.0078909397125244,750.0400838851929,1,0,0.0,0,0,126.7276188174157
456,143,13,3,0,64,1,True,0.0160751342773437,750.0561590194702,1,0,0.0,0,0,62.20787850023749
457,144,13,4,0,128,1,True,0.0319340229034423,750.0880930423737,1,0,0.0,0,1,31.314563875139136
458,144,13,5,0,256,1,True,0.0639839172363281,750.15207695961,1,0,0.0,0,0,15.628927442914215
459,144,13,6,0,512,1,True,0.1280179023742675,750.2800948619843,1,0,0.0,0,0,7.811407478591893
460,144,13,7,0,1024,1,True,0.2560930252075195,750.5361878871918,1,0,0.0,0,0,3.9048310635936745
461,144,13,8,0,2048,1,True,0.5119130611419678,751.0481009483337,1,0,0.0,0,0,1.953456701747784
462,144,13,9,0,4000,1,True,1.0240728855133057,752.072173833847,1,0,0.0,0,0,0.9764929959050332
463,144,13,10,0,4000,1,True,2.0000171661376958,754.0721909999847,1,0,0.0,0,0,0.49999570850241026
464,144,13,11,0,4000,1,True,1.9999589920043943,756.0721499919891,1,0,0.0,0,0,0.5000102522091127
465,144,13,12,0,4000,1,True,2.0000360012054443,758.0721859931946,1,0,0.0,0,0,0.4999909998606468
466,144,13,13,0,4000,1,True,2.0000689029693604,760.0722548961639,1,0,0.0,0,0,0.4999827748510919
467,144,13,14,0,4000,1,True,2.0000360012054443,762.0722908973694,1,0,0.0,0,0,0.4999909998606468
468,144,13,15,0,4000,1,True,1.9999849796295168,764.0722758769989,1,0,0.0,0,0,0.5000037551208224
469,144,13,16,0,4000,1,True,2.000020980834961,766.0722968578339,1,0,0.0,0,0,0.49999475484628364
470,144,13,17,0,4000,1,True,1.9999442100524905,768.0722410678864,1,0,0.0,0,0,0.500013947875953
471,144,13,18,0,4000,1,True,2.0000388622283936,770.0722799301147,1,0,0.0,0,0,0.49999028463168205
472,144,13,19,0,4000,1,True,2.0000689029693604,772.0723488330841,1,0,0.0,0,0,0.4999827748510919
473,144,13,20,0,4000,1,True,2.000008106231689,774.0723569393158,1,0,0.0,0,0,0.49999797345029157
474,144,13,21,0,4000,1,True,1.999941110610962,776.0722980499268,1,0,0.0,0,0,0.5000147227807673
475,144,13,22,0,4000,1,True,2.0000269412994385,778.0723249912262,1,0,0.0,0,0,0.49999326476586836
476,144,13,23,0,4000,1,True,2.0000360012054443,780.0723609924316,1,0,0.0,0,0,0.4999909998606468
477,144,13,24,0,4000,1,True,2.000037908554077,782.0723989009857,1,0,0.0,0,0,0.49999052304110964
478,144,13,25,0,4000,1,True,2.000033140182495,784.0724320411682,1,0,0.0,0,0,0.4999917150916579
479,144,13,26,0,4000,1,True,1.999949932098389,786.0723819732666,1,0,0.0,0,0,0.50001251728876
480,144,13,27,0,4000,1,True,2.0000200271606445,788.0724020004272,1,0,0.0,0,0,0.49999499325997426
481,144,13,28,0,4000,1,True,2.0000128746032715,790.0724148750305,1,0,0.0,0,0,0.49999678136990144
482,144,13,29,0,4000,1,True,2.0000929832458496,792.0725078582764,1,0,0.0,0,0,0.49997675526922286
483,144,13,30,0,4000,1,True,2.0000250339508057,794.0725328922272,1,0,0.0,0,0,0.4999937415906349
484,144,13,31,0,4000,1,True,2.000005960464477,796.0725388526917,1,0,0.0,0,0,0.4999985098883216
485,144,13,32,0,4000,1,True,1.999939203262329,798.072478055954,1,0,0.0,0,0,0.5000151996464622
486,144,13,33,0,4000,1,True,2.0000438690185547,800.0725219249725,1,0,0.0,0,0,0.4999890329859174
487,144,13,34,0,4000,1,True,2.0000131130218506,802.0725350379944,1,0,0.0,0,0,0.4999967217660311
488,144,13,35,0,4000,1,True,2.000030994415283,804.0725660324097,1,0,0.0,0,0,0.49999225151625903
489,144,13,36,0,4000,1,True,2.000030994415283,806.072597026825,1,0,0.0,0,0,0.49999225151625903
490,143,14,0,0,8,1,True,0.8828158378601074,806.9554128646851,-36,1,56924715817.0,0,-1,1.1327390800146269
491,143,14,1,0,16,1,True,0.0019681453704833,806.9573810100555,1,0,0.0,0,0,508.09254996974073
492,143,14,2,0,32,1,True,0.0091829299926757,806.9665639400482,1,0,0.0,0,0,108.89770484993346
493,143,14,3,0,64,1,True,0.0159730911254882,806.9825370311737,1,0,0.0,0,0,62.60528986805214
494,144,14,4,0,128,1,True,0.0320978164672851,807.014634847641,1,0,0.0,0,1,31.154767210387195
495,144,14,5,0,256,1,True,0.0639271736145019,807.0785620212555,1,0,0.0,0,0,15.642800134263243
496,143,15,0,0,8,1,True,0.0023529529571533,807.0809149742126,-5,1,125700057.0,0,-1,424.99787212483903
497,143,15,1,0,16,1,True,0.0036299228668212,807.0845448970795,1,0,0.0,0,0,275.48794745485077
498,143,15,2,0,32,1,True,0.008073091506958,807.0926179885864,1,0,0.0,0,0,123.86828504769512
499,143,15,3,0,64,1,True,0.0159368515014648,807.1085548400879,1,0,0.0,0,0,62.74765124768135
500,144,15,4,0,128,1,True,0.0321090221405029,807.1406638622284,1,0,0.0,0,1,31.143894560980165
501,144,15,5,0,256,1,True,0.0639600753784179,807.2046239376068,1,0,0.0,0,0,15.634753306395114
502,144,15,6,0,512,1,True,0.1279768943786621,807.3326008319855,1,0,0.0,0,0,7.8139105098235015
503,144,15,7,0,1024,1,True,0.2559621334075928,807.5885629653931,1,0,0.0,0,0,3.906827883824539
504,144,15,8,0,2048,1,True,0.5120489597320557,808.1006119251251,1,0,0.0,0,0,1.9529382513017481
505,144,15,9,0,4000,1,True,1.0240681171417236,809.1246800422668,1,0,0.0,0,0,0.9764975427524293
506,144,15,10,0,4000,1,True,1.999974012374878,811.1246540546417,1,0,0.0,0,0,0.5000064969907012
507,144,15,11,0,4000,1,True,2.0000247955322266,813.124678850174,1,0,0.0,0,0,0.4999938011937947
508,144,15,12,0,4000,1,True,2.000023126602173,815.1247019767761,1,0,0.0,0,0,0.499994218416311
509,144,15,13,0,4000,1,True,1.9999349117279053,817.124636888504,1,0,0.0,0,0,0.5000162725976013
510,144,15,14,0,4000,1,True,2.000038146972656,819.1246750354767,1,0,0.0,0,0,0.49999046343873155
511,144,15,15,0,4000,1,True,2.000029802322388,821.1247048377991,1,0,0.0,0,0,0.4999925495304236
512,144,15,16,0,4000,1,True,2.0000460147857666,823.1247508525848,1,0,0.0,0,0,0.4999884965682223
513,144,15,17,0,4000,1,True,1.999950170516968,825.1247010231018,1,0,0.0,0,0,0.5000124576811379
514,144,15,18,0,4000,1,True,2.0000178813934326,827.1247189044952,1,0,0.0,0,0,0.49999552969160954
515,144,15,19,0,4000,1,True,2.000020980834961,829.1247398853302,1,0,0.0,0,0,0.49999475484628364
516,144,15,20,0,4000,1,True,2.000028133392334,831.1247680187225,1,0,0.0,0,0,0.4999929667508511
517,144,15,21,0,4000,1,True,2.0000479221343994,833.1248159408569,1,0,0.0,0,0,0.49998801975345963
518,144,15,22,0,4000,1,True,2.0000131130218506,835.1248290538788,1,0,0.0,0,0,0.4999967217660311
519,144,15,23,0,4000,1,True,2.000046968460083,837.1248760223389,1,0,0.0,0,0,0.4999882581607273
520,144,15,24,0,4000,1,True,1.9999468326568604,839.1248228549957,1,0,0.0,0,0,0.5000132921891401
521,144,15,25,0,4000,1,True,2.0000321865081787,841.1248550415039,1,0,0.0,0,0,0.4999919535024496
522,144,15,26,0,4000,1,True,2.000032901763916,843.1248879432678,1,0,0.0,0,0,0.49999177469433453
523,144,15,27,0,4000,1,True,2.0000689029693604,845.1249568462372,1,0,0.0,0,0,0.4999827748510919
524,144,15,28,0,4000,1,True,2.0001070499420166,847.1250638961792,1,0,0.0,0,0,0.49997323894688045
525,144,15,29,0,4000,1,True,1.9999110698699951,849.1249749660492,1,0,0.0,0,0,0.5000222335211162
526,144,15,30,0,4000,1,True,2.0000128746032715,851.1249878406525,1,0,0.0,0,0,0.49999678136990144
527,144,15,31,0,4000,1,True,2.000033140182495,853.125020980835,1,0,0.0,0,0,0.4999917150916579
528,144,15,32,0,4000,1,True,1.999953031539917,855.1249740123749,1,0,0.0,0,0,0.5000117423907817
529,144,15,33,0,4000,1,True,2.0000338554382324,857.1250078678131,1,0,0.0,0,0,0.4999915362837133
530,144,15,34,0,4000,1,True,2.0000791549682617,859.1250870227814,1,0,0.0,0,0,0.4999802120410922
531,144,15,35,0,4000,1,True,1.999980926513672,861.125067949295,1,0,0.0,0,0,0.5000047684170571
532,144,15,36,0,4000,1,True,1.9999558925628664,863.1250238418579,1,0,0.0,0,0,0.500011027102472
533,144,15,37,0,4000,1,True,2.0000460147857666,865.1250698566437,1,0,0.0,0,0,0.4999884965682223
534,144,15,38,0,4000,1,True,2.000066041946411,867.1251358985901,1,0,0.0,0,0,0.49998349005857157
535,144,15,39,0,4000,1,True,1.9999821186065676,869.1251180171967,1,0,0.0,0,0,0.5000044703883265
536,144,15,40,0,4000,1,True,2.000051021575928,871.1251690387726,1,0,0.0,0,0,0.4999872449314098
537,144,15,41,0,4000,1,True,1.9999279975891116,873.1250970363617,1,0,0.0,0,0,0.5000180012507889
538,144,15,42,0,4000,1,True,2.0000178813934326,875.1251149177551,1,0,0.0,0,0,0.49999552969160954
539,144,15,43,0,4000,1,True,2.000023126602173,877.1251380443573,1,0,0.0,0,0,0.499994218416311
540,144,15,44,0,4000,1,True,2.000102996826172,879.1252410411835,1,0,0.0,0,0,0.499974252119432
541,144,15,45,0,4000,1,True,1.9999988079071045,881.1252398490906,1,0,0.0,0,0,0.5000002980234015
542,144,15,46,0,4000,1,True,2.000016212463379,883.125256061554,1,0,0.0,0,0,0.4999959469170105
543,144,15,47,0,4000,1,True,2.0000159740448,885.1252720355988,1,0,0.0,0,0,0.49999600652069603
544,144,15,48,0,4000,1,True,2.0000128746032715,887.125284910202,1,0,0.0,0,0,0.49999678136990144
545,144,15,49,0,4000,1,True,2.000040054321289,889.1253249645233,1,0,0.0,0,0,0.4999899866202173
546,144,15,50,0,4000,1,True,1.9999768733978271,891.1253018379211,1,0,0.0,0,0,0.500005781717399
547,144,15,51,0,4000,1,True,2.000030040740967,893.1253318786621,1,0,0.0,0,0,0.49999248992756234
548,144,15,52,0,4000,1,True,2.0000250339508057,895.1253569126129,1,0,0.0,0,0,0.4999937415906349
549,144,15,53,0,4000,1,True,1.9999351501464844,897.1252920627594,1,0,0.0,0,0,0.5000162129890839
550,144,15,54,0,4000,1,True,2.000098943710327,899.1253910064697,1,0,0.0,0,0,0.4999752652960899
551,144,15,55,0,4000,1,True,2.0000360012054443,901.1254270076752,1,0,0.0,0,0,0.4999909998606468
552,144,15,56,0,4000,1,True,1.9999940395355225,903.1254210472108,1,0,0.0,0,0,0.5000014901205603
553,144,15,57,0,4000,1,True,2.0000109672546387,905.1254320144652,1,0,0.0,0,0,0.49999725820137536
554,144,15,58,0,4000,1,True,1.9999680519104004,907.1254000663756,1,0,0.0,0,0,0.500007987149987
555,144,15,59,0,4000,1,True,2.000006914138794,909.1254069805144,1,0,0.0,0,0,0.4999982714712772
556,144,15,60,0,4000,1,True,2.0000760555267334,911.1254830360411,1,0,0.0,0,0,0.49998098684134457
557,144,15,61,0,4000,1,True,2.0,913.1254830360411,1,0,0.0,0,0,0.5
558,144,15,62,0,4000,1,True,2.0000338554382324,915.1255168914796,1,0,0.0,0,0,0.4999915362837133
559,144,15,63,0,4000,1,True,2.000038146972656,917.125555038452,1,0,0.0,0,0,0.49999046343873155
560,144,15,64,0,4000,1,True,2.000005960464477,919.1255609989166,1,0,0.0,0,0,0.4999985098883216
561,144,15,65,0,4000,1,True,2.000032901763916,921.1255939006804,1,0,0.0,0,0,0.49999177469433453
562,144,15,66,0,4000,1,True,2.0000131130218506,923.1256070137024,1,0,0.0,0,0,0.4999967217660311
563,144,15,67,0,4000,1,True,2.000030040740967,925.1256370544434,1,0,0.0,0,0,0.49999248992756234
564,144,15,68,0,4000,1,True,2.0000319480896,927.125669002533,1,0,0.0,0,0,0.499992013105183
565,144,15,69,0,4000,1,True,1.9999768733978271,929.1256458759308,1,0,0.0,0,0,0.500005781717399
566,144,15,70,0,4000,1,True,1.999974012374878,931.1256198883056,1,0,0.0,0,0,0.5000064969907012
567,144,15,71,0,4000,1,True,2.000009059906006,933.1256289482116,1,0,0.0,0,0,0.4999977350337587
568,144,15,72,0,4000,1,True,2.0000150203704834,935.1256439685822,1,0,0.0,0,0,0.49999624493558037
569,144,15,73,0,4000,1,True,1.9999630451202397,937.1256070137024,1,0,0.0,0,0,0.5000092388906511
570,144,15,74,0,4000,1,True,2.000032901763916,939.1256399154664,1,0,0.0,0,0,0.49999177469433453
571,144,15,75,0,4000,1,True,2.0000159740448,941.1256558895112,1,0,0.0,0,0,0.49999600652069603
572,144,15,76,0,4000,1,True,2.0000269412994385,943.1256828308104,1,0,0.0,0,0,0.49999326476586836
573,144,15,77,0,4000,1,True,2.000110149383545,945.125792980194,1,0,0.0,0,0,0.49997246417064106
574,144,15,78,0,4000,1,True,1.999988079071045,947.1257810592653,1,0,0.0,0,0,0.5000029802500024
575,144,15,79,0,4000,1,True,2.0000078678131104,949.1257889270782,1,0,0.0,0,0,0.49999803305446017
576,144,15,80,0,4000,1,True,2.0000319480896,951.1258208751678,1,0,0.0,0,0,0.499992013105183
577,144,15,81,0,4000,1,True,2.000173091888428,953.1259939670564,1,0,0.0,0,0,0.4999567307726691
578,143,16,0,0,8,1,True,1.64837908744812,954.7743730545044,-81,1,147692256987.0,0,-1,0.6066565680277556
579,143,16,1,0,16,1,True,0.0017259120941162,954.7760989665984,1,0,0.0,0,0,579.4037850531878
580,143,16,2,0,32,1,True,0.0097420215606689,954.7858409881592,1,0,0.0,0,0,102.64809965492816
581,143,16,3,0,64,1,True,0.0159449577331542,954.8017859458924,1,0,0.0,0,0,62.7157510691113
582,144,16,4,0,128,1,True,0.0319828987121582,954.8337688446044,1,0,0.0,0,1,31.266709406169397
583,144,16,5,0,256,1,True,0.0640041828155517,954.89777302742,1,0,0.0,0,0,15.623978871534323
584,143,17,0,0,8,1,True,0.0023698806762695,954.9001429080964,-5,1,125750125.0,0,-1,421.96217303823494
585,143,17,1,0,16,1,True,0.0036530494689941,954.9037959575652,1,0,0.0,0,0,273.74389766349344
586,143,17,2,0,32,1,True,0.0080399513244628,954.9118359088898,1,0,0.0,0,0,124.37886246367496
587,143,17,3,0,64,1,True,0.0159370899200439,954.9277729988098,1,0,0.0,0,0,62.74671254394512
588,144,17,4,0,128,1,True,0.0321290493011474,954.959902048111,1,0,0.0,0,1,31.12448148175638
589,144,17,5,0,256,1,True,0.0638809204101562,955.0237829685212,1,0,0.0,0,0,15.654126358533395
590,144,17,6,0,512,1,True,0.1280140876770019,955.151797056198,1,0,0.0,0,0,7.8116402510569385
591,144,17,7,0,1024,1,True,0.2560639381408691,955.407860994339,1,0,0.0,0,0,3.9052746250034924
592,144,17,8,0,2048,1,True,0.5119948387145996,955.9198558330536,1,0,0.0,0,0,1.953144688939781
593,144,17,9,0,4000,1,True,1.0239620208740234,956.9438178539276,1,0,0.0,0,0,0.9765987210604059
594,144,17,10,0,4000,1,True,2.000056028366089,958.9438738822936,1,0,0.0,0,0,0.499985993300864
595,144,17,11,0,4000,1,True,2.0000271797180176,960.9439010620116,1,0,0.0,0,0,0.49999320516283646
596,144,17,12,0,4000,1,True,2.0000147819519043,962.9439158439636,1,0,0.0,0,0,0.49999630453933697
597,144,17,13,0,4000,1,True,1.999953031539917,964.9438688755037,1,0,0.0,0,0,0.5000117423907817
598,144,17,14,0,4000,1,True,2.0000481605529785,966.9439170360564,1,0,0.0,0,0,0.49998796015167823
599,144,17,15,0,4000,1,True,2.0000360012054443,968.943953037262,1,0,0.0,0,0,0.4999909998606468
600,144,17,16,0,4000,1,True,2.000020980834961,970.9439740180968,1,0,0.0,0,0,0.49999475484628364
601,144,17,17,0,4000,1,True,2.0000228881835938,972.9439969062804,1,0,0.0,0,0,0.49999427801958446
602,144,17,18,0,4000,1,True,1.9999449253082275,974.9439418315887,1,0,0.0,0,0,0.5000137690521063
603,144,17,19,0,4000,1,True,2.000009059906006,976.9439508914948,1,0,0.0,0,0,0.4999977350337587
604,144,17,20,0,4000,1,True,2.000038146972656,978.9439890384674,1,0,0.0,0,0,0.49999046343873155
605,144,17,21,0,4000,1,True,2.000065803527832,980.9440548419952,1,0,0.0,0,0,0.4999835496592872
606,144,17,22,0,4000,1,True,2.000019073486328,982.9440739154816,1,0,0.0,0,0,0.49999523167389226
607,144,17,23,0,4000,1,True,2.0000200271606445,984.9440939426422,1,0,0.0,0,0,0.49999499325997426
608,144,17,24,0,4000,1,True,1.999958038330078,986.9440519809724,1,0,0.0,0,0,0.5000104906375828
609,144,17,25,0,4000,1,True,2.000016927719116,988.9440689086914,1,0,0.0,0,0,0.49999576810603913
610,144,17,26,0,4000,1,True,2.0000529289245605,990.944121837616,1,0,0.0,0,0,0.4999867681190345
611,144,17,27,0,4000,1,True,2.000040054321289,992.9441618919373,1,0,0.0,0,0,0.4999899866202173
612,144,17,28,0,4000,1,True,2.000008106231689,994.944169998169,1,0,0.0,0,0,0.49999797345029157
613,144,17,29,0,4000,1,True,2.000025987625122,996.944195985794,1,0,0.0,0,0,0.49999350317813795
614,144,17,30,0,4000,1,True,1.9999349117279053,998.944130897522,1,0,0.0,0,0,0.5000162725976013
615,144,17,31,0,4000,1,True,2.0001001358032227,1000.9442310333252,1,0,0.0,0,0,0.499974967302529
616,144,17,32,0,4000,1,True,1.9999258518218996,1002.9441568851472,1,0,0.0,0,0,0.5000185377317946
617,144,17,33,0,4000,1,True,2.000101089477539,1004.9442579746246,1,0,0.0,0,0,0.499974728907936
618,144,17,34,0,4000,1,True,2.000019073486328,1006.944277048111,1,0,0.0,0,0,0.49999523167389226
619,144,17,35,0,4000,1,True,2.000027894973755,1008.9443049430848,1,0,0.0,0,0,0.49999302635382614
620,144,17,36,0,4000,1,True,1.999999046325684,1010.9443039894104,1,0,0.0,0,0,0.5000002384186927
621,144,17,37,0,4000,1,True,2.000020980834961,1012.9443249702454,1,0,0.0,0,0,0.49999475484628364
622,144,17,38,0,4000,1,True,1.9999439716339111,1014.9442689418792,1,0,0.0,0,0,0.5000140074839304
623,144,17,39,0,4000,1,True,2.000040054321289,1016.9443089962006,1,0,0.0,0,0,0.4999899866202173
624,144,17,40,0,4000,1,True,2.000072956085205,1018.9443819522858,1,0,0.0,0,0,0.49998176164399827
625,144,17,41,0,4000,1,True,1.9999148845672607,1020.944296836853,1,0,0.0,0,0,0.500021279763803
626,144,17,42,0,4000,1,True,2.00003719329834,1022.9443340301514,1,0,0.0,0,0,0.4999907018483295
627,144,17,43,0,4000,1,True,2.0000948905944824,1024.9444289207458,1,0,0.0,0,0,0.4999762784768541
628,144,17,44,0,4000,1,True,2.000016927719116,1026.944445848465,1,0,0.0,0,0,0.49999576810603913
629,144,17,45,0,4000,1,True,1.9999470710754397,1028.9443929195404,1,0,0.0,0,0,0.5000132325813332
630,144,17,46,0,4000,1,True,2.000040054321289,1030.9444329738617,1,0,0.0,0,0,0.4999899866202173
631,144,17,47,0,4000,1,True,2.000020980834961,1032.9444539546969,1,0,0.0,0,0,0.49999475484628364
632,144,17,48,0,4000,1,True,2.000070095062256,1034.944524049759,1,0,0.0,0,0,0.4999824768485792
633,144,17,49,0,4000,1,True,2.0000159740448,1036.9445400238037,1,0,0.0,0,0,0.49999600652069603
634,144,17,50,0,4000,1,True,1.9999408721923828,1038.944480895996,1,0,0.0,0,0,0.5000147823889294
635,144,17,51,0,4000,1,True,2.000062942504883,1040.944543838501,1,0,0.0,0,0,0.49998426486898356
636,144,17,52,0,4000,1,True,2.000008106231689,1042.944551944733,1,0,0.0,0,0,0.49999797345029157
637,144,17,53,0,4000,1,True,2.0000290870666504,1044.944581031799,1,0,0.0,0,0,0.49999272833909303
638,144,17,54,0,4000,1,True,2.000025987625122,1046.9446070194244,1,0,0.0,0,0,0.49999350317813795
639,144,17,55,0,4000,1,True,2.00003981590271,1048.9446468353271,1,0,0.0,0,0,0.49999004622248183
640,144,17,56,0,4000,1,True,2.000012159347534,1050.944658994675,1,0,0.0,0,0,0.49999696018159756
641,144,17,57,0,4000,1,True,1.9999449253082275,1052.944603919983,1,0,0.0,0,0,0.5000137690521063
642,144,17,58,0,4000,1,True,2.000086069107056,1054.94468998909,1,0,0.0,0,0,0.4999784836491825
643,144,17,59,0,4000,1,True,2.000011920928955,1056.944701910019,1,0,0.0,0,0,0.4999970197855247
644,144,17,60,0,4000,1,True,2.0000269412994385,1058.9447288513184,1,0,0.0,0,0,0.49999326476586836
645,144,17,61,0,4000,1,True,1.99993109703064,1060.944659948349,1,0,0.0,0,0,0.5000172263358128
646,144,17,62,0,4000,1,True,2.000008106231689,1062.9446680545807,1,0,0.0,0,0,0.49999797345029157
647,144,17,63,0,4000,1,True,2.0000360012054443,1064.944704055786,1,0,0.0,0,0,0.4999909998606468
648,144,17,64,0,4000,1,True,2.000058889389038,1066.9447629451752,1,0,0.0,0,0,0.49998527808622273
649,144,17,65,0,4000,1,True,2.000099897384644,1068.9448628425598,1,0,0.0,0,0,0.49997502690121265
650,144,17,66,0,4000,1,True,1.999871015548706,1070.9447338581083,1,0,0.0,0,0,0.5000322481925812
651,144,17,67,0,4000,1,True,2.000008106231689,1072.9447419643402,1,0,0.0,0,0,0.49999797345029157
652,144,17,68,0,4000,1,True,2.000099897384644,1074.9448418617249,1,0,0.0,0,0,0.49997502690121265
653,144,17,69,0,4000,1,True,2.000025987625122,1076.94486784935,1,0,0.0,0,0,0.49999350317813795
654,144,17,70,0,4000,1,True,2.000005006790161,1078.94487285614,1,0,0.0,0,0,0.4999987483055932
655,144,17,71,0,4000,1,True,2.000002145767212,1080.9448750019071,1,0,0.0,0,0,0.49999946355877256
656,144,17,72,0,4000,1,True,2.000027894973755,1082.944902896881,1,0,0.0,0,0,0.49999302635382614
657,144,17,73,0,4000,1,True,1.9999620914459229,1084.944864988327,1,0,0.0,0,0,0.500009477318155
658,144,17,74,0,4000,1,True,2.000032901763916,1086.944897890091,1,0,0.0,0,0,0.49999177469433453
659,144,17,75,0,4000,1,True,2.000038146972656,1088.9449360370636,1,0,0.0,0,0,0.49999046343873155
660,144,17,76,0,4000,1,True,1.9999568462371824,1090.9448928833008,1,0,0.0,0,0,0.5000107886734904
661,144,17,77,0,4000,1,True,2.0000240802764893,1092.9449169635773,1,0,0.0,0,0,0.49999398000335926
662,144,17,78,0,4000,1,True,2.0000009536743164,1094.9449179172516,1,0,0.0,0,0,0.4999997615815346
663,144,17,79,0,4000,1,True,2.0000200271606445,1096.9449379444122,1,0,0.0,0,0,0.49999499325997426
664,144,17,80,0,4000,1,True,2.000101089477539,1098.9450390338898,1,0,0.0,0,0,0.499974728907936
665,144,17,81,0,4000,1,True,1.9999818801879885,1100.9450209140778,1,0,0.0,0,0,0.5000045299940442
666,144,17,82,0,4000,1,True,1.999985933303833,1102.9450068473816,1,0,0.0,0,0,0.500003516698776
667,144,17,83,0,4000,1,True,2.0000150203704834,1104.945021867752,1,0,0.0,0,0,0.49999624493558037
668,144,17,84,0,4000,1,True,2.0000240802764893,1106.9450459480286,1,0,0.0,0,0,0.49999398000335926
669,144,17,85,0,4000,1,True,2.0000269412994385,1108.945072889328,1,0,0.0,0,0,0.49999326476586836
670,144,17,86,0,4000,1,True,2.0000369548797607,1110.9451098442078,1,0,0.0,0,0,0.49999076145076454
671,144,17,87,0,4000,1,True,2.0000340938568115,1112.9451439380646,1,0,0.0,0,0,0.4999914766810935
672,144,17,88,0,4000,1,True,2.0000669956207275,1114.9452109336853,1,0,0.0,0,0,0.49998325165585095
673,144,17,89,0,4000,1,True,1.999972105026245,1116.9451830387115,1,0,0.0,0,0,0.5000069738407064
674,144,17,90,0,4000,1,True,2.00002384185791,1118.9452068805697,1,0,0.0,0,0,0.4999940396065759
675,144,17,91,0,4000,1,True,1.999951124191284,1120.9451580047607,1,0,0.0,0,0,0.5000122192507919
676,144,17,92,0,4000,1,True,2.000046968460083,1122.9452049732208,1,0,0.0,0,0,0.4999882581607273
677,144,17,93,0,4000,1,True,2.0000340938568115,1124.9452390670776,1,0,0.0,0,0,0.4999914766810935
678,144,17,94,0,4000,1,True,1.999992847442627,1126.9452319145205,1,0,0.0,0,0,0.5000017881457381
679,144,17,95,0,4000,1,True,2.000038146972656,1128.945270061493,1,0,0.0,0,0,0.49999046343873155
680,144,17,96,0,4000,1,True,1.999985933303833,1130.9452559947968,1,0,0.0,0,0,0.500003516698776
681,144,17,97,0,4000,1,True,2.0000369548797607,1132.9452929496765,1,0,0.0,0,0,0.49999076145076454
682,144,17,98,0,4000,1,True,1.99993896484375,1134.9452319145205,1,0,0.0,0,0,0.500015259254738
683,144,17,99,0,4000,1,True,2.000041961669922,1136.9452738761902,1,0,0.0,0,0,0.49998950980261264
684,144,17,100,0,4000,1,True,2.00005316734314,1138.945327043533,1,0,0.0,0,0,0.4999867085175514
685,144,17,101,0,4000,1,True,2.0000758171081543,1140.9454028606417,1,0,0.0,0,0,0.4999810464414634
686,144,17,102,0,4000,1,True,1.999999046325684,1142.9454019069672,1,0,0.0,0,0,0.5000002384186927
687,144,17,103,0,4000,1,True,1.9999351501464844,1144.9453370571136,1,0,0.0,0,0,0.5000162129890839
688,144,17,104,0,4000,1,True,2.0000128746032715,1146.945349931717,1,0,0.0,0,0,0.49999678136990144
689,144,17,105,0,4000,1,True,2.0000879764556885,1148.9454379081726,1,0,0.0,0,0,0.4999780068535174
690,143,18,0,0,8,1,True,1.148987054824829,1150.0944249629974,-105,1,195192771971.0,0,-1,0.8703318247153418
691,143,18,1,0,16,1,True,0.0020229816436767,1150.096447944641,1,0,0.0,0,0,494.31985857396813
692,143,18,2,0,32,1,True,0.0089569091796875,1150.1054048538208,1,0,0.0,0,0,111.64565587734242
693,143,18,3,0,64,1,True,0.0160431861877441,1150.1214480400083,1,0,0.0,0,0,62.33175806211935
694,144,18,4,0,128,1,True,0.0319259166717529,1150.1533739566803,1,0,0.0,0,1,31.32251487972999
695,144,18,5,0,256,1,True,0.0640490055084228,1150.2174229621887,1,0,0.0,0,0,15.613044918683313
696,143,19,0,0,8,1,True,0.0026910305023193,1150.220113992691,-5,1,125700235.0,0,-1,371.60485514308994
697,143,19,1,0,16,1,True,0.003274917602539,1150.2233889102936,1,0,0.0,0,0,305.3511939429295
698,143,19,2,0,32,1,True,0.008070945739746,1150.231459856033,1,0,0.0,0,0,123.90121706250882
699,143,19,3,0,64,1,True,0.0159740447998046,1150.2474339008331,1,0,0.0,0,0,62.60155223880631
700,144,19,4,0,128,1,True,0.0319869518280029,1150.2794208526611,1,0,0.0,0,1,31.26274755334931
701,144,19,5,0,256,1,True,0.0640830993652343,1150.3435039520264,1,0,0.0,0,0,15.604738377284379
702,144,19,6,0,512,1,True,0.12795090675354,1150.47145485878,1,0,0.0,0,0,7.815497563657032
703,144,19,7,0,1024,1,True,0.2559771537780761,1150.727432012558,1,0,0.0,0,0,3.906598636794624
704,144,19,8,0,2048,1,True,0.5120179653167725,1151.2394499778748,1,0,0.0,0,0,1.9530564701598419
705,144,19,9,0,4000,1,True,1.024034023284912,1152.2634840011597,1,0,0.0,0,0,0.9765300539450678
706,144,19,10,0,4000,1,True,2.000009059906006,1154.2634930610657,1,0,0.0,0,0,0.4999977350337587
707,144,19,11,0,4000,1,True,2.000029802322388,1156.263522863388,1,0,0.0,0,0,0.4999925495304236
708,144,19,12,0,4000,1,True,1.9999701976776123,1158.2634930610657,1,0,0.0,0,0,0.5000074506916209
709,144,19,13,0,4000,1,True,2.000029802322388,1160.263522863388,1,0,0.0,0,0,0.4999925495304236
710,144,19,14,0,4000,1,True,1.999963998794556,1162.2634868621826,1,0,0.0,0,0,0.5000090004633747
711,144,19,15,0,4000,1,True,2.00003719329834,1164.263524055481,1,0,0.0,0,0,0.4999907018483295
712,144,19,16,0,4000,1,True,2.000063896179199,1166.2635879516602,1,0,0.0,0,0,0.4999840264655241
713,144,19,17,0,4000,1,True,2.0,1168.2635879516602,1,0,0.0,0,0,0.5
714,144,19,18,0,4000,1,True,2.0000360012054443,1170.2636239528656,1,0,0.0,0,0,0.4999909998606468
715,144,19,19,0,4000,1,True,2.0000131130218506,1172.2636370658877,1,0,0.0,0,0,0.4999967217660311
716,144,19,20,0,4000,1,True,2.0000128746032715,1174.2636499404907,1,0,0.0,0,0,0.49999678136990144
717,144,19,21,0,4000,1,True,2.000035047531128,1176.263684988022,1,0,0.0,0,0,0.49999123827075653
718,144,19,22,0,4000,1,True,2.0000040531158447,1178.2636890411377,1,0,0.0,0,0,0.4999989867230923
719,144,19,23,0,4000,1,True,1.9999949932098389,1180.2636840343475,1,0,0.0,0,0,0.5000012517006738
720,144,19,24,0,4000,1,True,2.00003981590271,1182.2637238502502,1,0,0.0,0,0,0.49999004622248183
721,144,19,25,0,4000,1,True,1.9999651908874512,1184.2636890411377,1,0,0.0,0,0,0.5000087024295992
722,144,19,26,0,4000,1,True,2.0000338554382324,1186.263722896576,1,0,0.0,0,0,0.4999915362837133
723,144,19,27,0,4000,1,True,1.9999771118164065,1188.2637000083923,1,0,0.0,0,0,0.5000057221113827
724,144,19,28,0,4000,1,True,2.000063896179199,1190.2637639045715,1,0,0.0,0,0,0.4999840264655241
725,144,19,29,0,4000,1,True,2.0002260208129883,1192.2639899253843,1,0,0.0,0,0,0.49994350118170733
726,144,19,30,0,4000,1,True,1.9998619556427,1194.2638518810272,1,0,0.0,0,0,0.5000345134715201
727,144,19,31,0,4000,1,True,1.9999079704284668,1196.2637598514557,1,0,0.0,0,0,0.5000230084516123
728,144,19,32,0,4000,1,True,2.0001020431518555,1198.2638618946075,1,0,0.0,0,0,0.49997449051357035
729,144,19,33,0,4000,1,True,2.0000319480896,1200.2638938426971,1,0,0.0,0,0,0.499992013105183
730,144,19,34,0,4000,1,True,1.9999170303344729,1202.2638108730316,1,0,0.0,0,0,0.5000207432769131
731,144,19,35,0,4000,1,True,2.0000221729278564,1204.2638330459597,1,0,0.0,0,0,0.49999445682949006
732,144,19,36,0,4000,1,True,2.000083923339844,1206.263916969299,1,0,0.0,0,0,0.4999790200453929
733,144,19,37,0,4000,1,True,2.0000340938568115,1208.263951063156,1,0,0.0,0,0,0.4999914766810935
734,144,19,38,0,4000,1,True,2.000001907348633,1210.2639529705048,1,0,0.0,0,0,0.49999952316329654
735,144,19,39,0,4000,1,True,2.000016927719116,1212.263969898224,1,0,0.0,0,0,0.49999576810603913
736,144,19,40,0,4000,1,True,1.9999549388885496,1214.2639248371124,1,0,0.0,0,0,0.5000112655316813
737,144,19,41,0,4000,1,True,2.0000710487365723,1216.263995885849,1,0,0.0,0,0,0.4999822384468249
738,144,19,42,0,4000,1,True,2.0,1218.263995885849,1,0,0.0,0,0,0.5
739,144,19,43,0,4000,1,True,1.999953031539917,1220.263948917389,1,0,0.0,0,0,0.5000117423907817
740,144,19,44,0,4000,1,True,2.0001070499420166,1222.264055967331,1,0,0.0,0,0,0.49997323894688045
741,144,19,45,0,4000,1,True,2.0000109672546387,1224.2640669345856,1,0,0.0,0,0,0.49999725820137536
742,144,19,46,0,4000,1,True,1.9999430179595947,1226.2640099525452,1,0,0.0,0,0,0.500014245915982
743,144,19,47,0,4000,1,True,2.0000929832458496,1228.264102935791,1,0,0.0,0,0,0.49997675526922286
744,144,19,48,0,4000,1,True,2.0000319480896,1230.2641348838806,1,0,0.0,0,0,0.499992013105183
745,144,19,49,0,4000,1,True,2.0000009536743164,1232.264135837555,1,0,0.0,0,0,0.4999997615815346
746,144,19,50,0,4000,1,True,1.999941110610962,1234.264076948166,1,0,0.0,0,0,0.5000147227807673
747,144,19,51,0,4000,1,True,2.000011920928955,1236.2640888690948,1,0,0.0,0,0,0.4999970197855247
748,144,19,52,0,4000,1,True,2.0000431537628174,1238.2641320228577,1,0,0.0,0,0,0.49998921179207156
749,144,19,53,0,4000,1,True,2.0000689029693604,1240.264200925827,1,0,0.0,0,0,0.4999827748510919
750,144,19,54,0,4000,1,True,1.999989032745361,1242.2641899585724,1,0,0.0,0,0,0.5000027418286949
751,144,19,55,0,4000,1,True,2.0000429153442383,1244.2642328739166,1,0,0.0,0,0,0.49998927139415134
752,144,19,56,0,4000,1,True,2.000028133392334,1246.264261007309,1,0,0.0,0,0,0.4999929667508511
753,144,19,57,0,4000,1,True,2.0000438690185547,1248.2643048763275,1,0,0.0,0,0,0.4999890329859174
754,144,19,58,0,4000,1,True,2.0000030994415283,1250.264307975769,1,0,0.0,0,0,0.49999922514081874
755,144,19,59,0,4000,1,True,2.000016927719116,1252.2643249034882,1,0,0.0,0,0,0.49999576810603913
756,144,19,60,0,4000,1,True,2.000016927719116,1254.2643418312073,1,0,0.0,0,0,0.49999576810603913
757,144,19,61,0,4000,1,True,2.000008106231689,1256.264349937439,1,0,0.0,0,0,0.49999797345029157
758,144,19,62,0,4000,1,True,1.9999840259552,1258.2643339633942,1,0,0.0,0,0,0.5000039935430965
759,144,19,63,0,4000,1,True,1.9999840259552,1260.2643179893494,1,0,0.0,0,0,0.5000039935430965
760,144,19,64,0,4000,1,True,2.000048875808716,1262.264366865158,1,0,0.0,0,0,0.49998778134641936
761,144,19,65,0,4000,1,True,2.0000431537628174,1264.264410018921,1,0,0.0,0,0,0.49998921179207156
762,144,19,66,0,4000,1,True,1.9999330043792725,1266.2643430233002,1,0,0.0,0,0,0.5000167494662523
763,144,19,67,0,4000,1,True,2.0000200271606445,1268.2643630504608,1,0,0.0,0,0,0.49999499325997426
764,144,19,68,0,4000,1,True,2.000013828277588,1270.2643768787384,1,0,0.0,0,0,0.4999965429545055
765,144,19,69,0,4000,1,True,2.0001001358032227,1272.2644770145416,1,0,0.0,0,0,0.499974967302529
766,144,19,70,0,4000,1,True,2.0000360012054443,1274.264513015747,1,0,0.0,0,0,0.4999909998606468
767,144,19,71,0,4000,1,True,1.9999918937683103,1276.2645049095154,1,0,0.0,0,0,0.5000020265661363
768,144,19,72,0,4000,1,True,2.0000109672546387,1278.26451587677,1,0,0.0,0,0,0.49999725820137536
769,144,19,73,0,4000,1,True,2.000018119812012,1280.264533996582,1,0,0.0,0,0,0.4999954700880375
770,144,19,74,0,4000,1,True,1.999949932098389,1282.2644839286804,1,0,0.0,0,0,0.50001251728876
771,144,19,75,0,4000,1,True,2.000037908554077,1284.2645218372345,1,0,0.0,0,0,0.49999052304110964
772,144,19,76,0,4000,1,True,2.000030040740967,1286.2645518779757,1,0,0.0,0,0,0.49999248992756234
773,144,19,77,0,4000,1,True,1.9999570846557615,1288.2645089626312,1,0,0.0,0,0,0.5000107290662804
774,144,19,78,0,4000,1,True,2.000032901763916,1290.2645418643951,1,0,0.0,0,0,0.49999177469433453
775,144,19,79,0,4000,1,True,2.000014066696167,1292.2645559310913,1,0,0.0,0,0,0.4999964833506921
776,144,19,80,0,4000,1,True,2.000008106231689,1294.264564037323,1,0,0.0,0,0,0.49999797345029157
777,144,19,81,0,4000,1,True,2.000041961669922,1296.264605998993,1,0,0.0,0,0,0.49998950980261264
778,144,19,82,0,4000,1,True,2.0002570152282715,1298.2648630142212,1,0,0.0,0,0,0.4999357544489746
779,144,19,83,0,4000,1,True,1.9998350143432615,1300.2646980285645,1,0,0.0,0,0,0.5000412498169987
780,144,19,84,0,4000,1,True,2.000016927719116,1302.2647149562836,1,0,0.0,0,0,0.49999576810603913
781,144,19,85,0,4000,1,True,1.999948024749756,1304.264662981033,1,0,0.0,0,0,0.5000129941502481
782,144,19,86,0,4000,1,True,2.0000219345092773,1306.2646849155426,1,0,0.0,0,0,0.49999451643282034
783,144,19,87,0,4000,1,True,2.000035047531128,1308.2647199630735,1,0,0.0,0,0,0.49999123827075653
784,144,19,88,0,4000,1,True,2.0000200271606445,1310.2647399902344,1,0,0.0,0,0,0.49999499325997426
785,143,20,0,0,8,1,True,0.0490410327911376,1310.3137810230255,-88,1,160092288852.0,0,-1,20.39108768893452
786,143,20,1,0,16,1,True,0.0018508434295654,1310.315631866455,1,0,0.0,0,0,540.2942161535576
787,143,20,2,0,32,1,True,0.0091249942779541,1310.324756860733,1,0,0.0,0,0,109.58910981631962
788,143,20,3,0,64,1,True,0.015942096710205,1310.3406989574432,1,0,0.0,0,0,62.7270062513089
789,144,20,4,0,128,1,True,0.0320808887481689,1310.3727798461914,1,0,0.0,0,1,31.17120625459847
790,144,20,5,0,256,1,True,0.0640010833740234,1310.4367809295654,1,0,0.0,0,0,15.624735508866051
791,143,21,0,0,8,1,True,0.0026490688323974,1310.4394299983978,-5,1,125699997.0,0,-1,377.49113491135785
792,143,21,1,0,16,1,True,0.003350019454956,1310.4427800178528,1,0,0.0,0,0,298.50572912960416
793,143,21,2,0,32,1,True,0.0080008506774902,1310.4507808685305,1,0,0.0,0,0,124.98670957744854
794,143,21,3,0,64,1,True,0.0160081386566162,1310.466789007187,1,0,0.0,0,0,62.46822453569252
795,144,21,4,0,128,1,True,0.0320498943328857,1310.4988389015198,1,0,0.0,0,1,31.201350919086234
796,144,21,5,0,256,1,True,0.0639441013336181,1310.5627830028534,1,0,0.0,0,0,15.638659065402457
797,144,21,6,0,512,1,True,0.1279220581054687,1310.6907050609589,1,0,0.0,0,0,7.817260094232722
798,144,21,7,0,1024,1,True,0.2560758590698242,1310.9467809200287,1,0,0.0,0,0,3.9050928253542634
799,144,21,8,0,2048,1,True,0.5120279788970947,1311.4588088989258,1,0,0.0,0,0,1.9530182748098925
800,144,21,9,0,4000,1,True,1.0239901542663574,1312.482799053192,1,0,0.0,0,0,0.976571889713583
801,144,21,10,0,4000,1,True,2.0000038146972656,1314.4828028678894,1,0,0.0,0,0,0.4999990463275026
802,144,21,11,0,4000,1,True,1.9999470710754397,1316.4827499389648,1,0,0.0,0,0,0.5000132325813332
803,144,21,12,0,4000,1,True,2.000037908554077,1318.482787847519,1,0,0.0,0,0,0.49999052304110964
804,144,21,13,0,4000,1,True,2.0000619888305664,1320.4828498363495,1,0,0.0,0,0,0.4999845032726704
805,144,21,14,0,4000,1,True,2.0000340938568115,1322.4828839302063,1,0,0.0,0,0,0.4999914766810935
806,144,21,15,0,4000,1,True,1.9999430179595947,1324.482826948166,1,0,0.0,0,0,0.500014245915982
807,144,21,16,0,4000,1,True,2.000109910964966,1326.4829368591309,1,0,0.0,0,0,0.4999725237687281
808,144,21,17,0,4000,1,True,1.9999101161956787,1328.4828469753263,1,0,0.0,0,0,0.500022471961013
809,144,21,18,0,4000,1,True,2.000117063522339,1330.4829640388489,1,0,0.0,0,0,0.49997073583229856
810,144,21,19,0,4000,1,True,2.0000088214874268,1332.4829728603363,1,0,0.0,0,0,0.4999977946378706
811,144,21,20,0,4000,1,True,2.000009059906006,1334.4829819202423,1,0,0.0,0,0,0.4999977350337587
812,144,21,21,0,4000,1,True,2.0000150203704834,1336.4829969406128,1,0,0.0,0,0,0.49999624493558037
813,144,21,22,0,4000,1,True,2.000030040740967,1338.4830269813538,1,0,0.0,0,0,0.49999248992756234
814,144,21,23,0,4000,1,True,1.999945878982544,1340.4829728603363,1,0,0.0,0,0,0.5000135306205095
815,144,21,24,0,4000,1,True,2.000033140182495,1342.4830060005188,1,0,0.0,0,0,0.4999917150916579
816,144,21,25,0,4000,1,True,2.0000360012054443,1344.4830420017242,1,0,0.0,0,0,0.4999909998606468
817,144,21,26,0,4000,1,True,2.000041961669922,1346.4830839633942,1,0,0.0,0,0,0.49998950980261264
818,144,21,27,0,4000,1,True,1.9999370574951167,1348.4830210208893,1,0,0.0,0,0,0.5000157361214562
819,144,21,28,0,4000,1,True,2.0000178813934326,1350.4830389022827,1,0,0.0,0,0,0.49999552969160954
820,144,21,29,0,4000,1,True,2.000091075897217,1352.48312997818,1,0,0.0,0,0,0.49997723206250094
821,144,21,30,0,4000,1,True,1.999959945678711,1354.4830899238586,1,0,0.0,0,0,0.5000100137808698
822,144,21,31,0,4000,1,True,2.000033140182495,1356.4831230640411,1,0,0.0,0,0,0.4999917150916579
823,144,21,32,0,4000,1,True,2.0,1358.4831230640411,1,0,0.0,0,0,0.5
824,144,21,33,0,4000,1,True,2.000073909759521,1360.483196973801,1,0,0.0,0,0,0.49998152324292605
825,144,21,34,0,4000,1,True,1.9999589920043943,1362.483155965805,1,0,0.0,0,0,0.5000102522091127
826,144,21,35,0,4000,1,True,2.000041961669922,1364.483197927475,1,0,0.0,0,0,0.49998950980261264
827,144,21,36,0,4000,1,True,2.000025987625122,1366.4832239151,1,0,0.0,0,0,0.49999350317813795
